Kind,Name,CountLineCode,CountLineComment,CountDeclInstanceMethod,CountDeclClass
Public Function,"$.event.special.bsTransitionEnd.handle",3,0,,
Public Function,"$.fn.affix.noConflict",4,0,,
Public Function,"$.fn.alert.noConflict",4,0,,
Public Function,"$.fn.button.noConflict",4,0,,
Public Function,"$.fn.carousel.noConflict",4,0,,
Public Function,"$.fn.collapse.noConflict",4,0,,
Public Function,"$.fn.dropdown.noConflict",4,0,,
Public Function,"$.fn.emulateTransitionEnd",8,0,,
Unnamed Function,"$.fn.emulateTransitionEnd.(unnamed_function_2)",1,0,,
Function,"$.fn.emulateTransitionEnd.callback",1,0,,
Public Function,"$.fn.modal.noConflict",4,0,,
Public Function,"$.fn.popover.noConflict",4,0,,
Public Function,"$.fn.scrollspy.noConflict",4,0,,
Public Function,"$.fn.tab.noConflict",4,0,,
Public Function,"$.fn.tooltip.noConflict",4,0,,
Unnamed Function,"(unnamed_function_1)",37,4,,
Unnamed Function,"(unnamed_function_1)",1,0,,
Unnamed Function,"(unnamed_function_1).(unnamed_function_3)",10,0,,
Unnamed Function,"(unnamed_function_1).(unnamed_function_3)",1,0,,
Function,"(unnamed_function_1).b",1,0,,
Function,"(unnamed_function_1).transitionEnd",15,1,,
Unnamed Function,"(unnamed_function_10)",158,12,,
Unnamed Function,"(unnamed_function_10)",1,0,,
Unnamed Function,"(unnamed_function_10).(unnamed_function_15)",13,1,,
Unnamed Function,"(unnamed_function_10).(unnamed_function_15)",1,0,,
Unnamed Function,"(unnamed_function_10).(unnamed_function_16)",6,0,,
Unnamed Function,"(unnamed_function_10).(unnamed_function_16)",1,0,,
Unnamed Function,"(unnamed_function_10).(unnamed_function_16).(unnamed_function_17)",4,0,,
Unnamed Function,"(unnamed_function_10).(unnamed_function_16).(unnamed_function_17)",1,0,,
Class Function,"(unnamed_function_10).Carousel",13,0,8,
Function,"(unnamed_function_10).Plugin",12,0,,
Unnamed Function,"(unnamed_function_10).Plugin.(unnamed_function_14)",10,0,,
Function,"(unnamed_function_10).b",1,0,,
Unnamed Function,"(unnamed_function_10).b.(unnamed_function_11)",1,0,,
Class Function,"(unnamed_function_10).c",1,0,8,
Unnamed Function,"(unnamed_function_18)",111,9,,
Unnamed Function,"(unnamed_function_18)",1,0,,
Unnamed Function,"(unnamed_function_18).(unnamed_function_20)",16,1,,
Unnamed Function,"(unnamed_function_18).(unnamed_function_20)",1,0,,
Class Function,"(unnamed_function_18).Collapse",7,0,4,
Function,"(unnamed_function_18).Plugin",10,0,,
Unnamed Function,"(unnamed_function_18).Plugin.(unnamed_function_19)",8,0,,
Function,"(unnamed_function_18).b",1,0,,
Unnamed Function,"(unnamed_function_18).b.(unnamed_function_19)",1,0,,
Class Function,"(unnamed_function_18).c",1,0,4,
Unnamed Function,"(unnamed_function_21)",90,12,,
Unnamed Function,"(unnamed_function_21)",1,0,,
Unnamed Function,"(unnamed_function_21).(unnamed_function_24)",1,0,,
Unnamed Function,"(unnamed_function_21).(unnamed_function_24)",1,0,,
Class Function,"(unnamed_function_21).Dropdown",3,0,2,
Function,"(unnamed_function_21).Plugin",8,0,,
Unnamed Function,"(unnamed_function_21).Plugin.(unnamed_function_23)",6,0,,
Function,"(unnamed_function_21).b",1,0,,
Unnamed Function,"(unnamed_function_21).b.(unnamed_function_22)",1,0,,
Function,"(unnamed_function_21).c",1,0,,
Function,"(unnamed_function_21).clearMenus",12,0,,
Unnamed Function,"(unnamed_function_21).clearMenus.(unnamed_function_22)",8,0,,
Function,"(unnamed_function_21).d",1,0,,
Unnamed Function,"(unnamed_function_21).d.(unnamed_function_23)",1,0,,
Class Function,"(unnamed_function_21).g",1,0,2,
Function,"(unnamed_function_21).getParent",9,1,,
Unnamed Function,"(unnamed_function_25)",198,16,,
Unnamed Function,"(unnamed_function_25)",1,0,,
Unnamed Function,"(unnamed_function_25).(unnamed_function_34)",14,2,,
Unnamed Function,"(unnamed_function_25).(unnamed_function_34)",1,0,,
Unnamed Function,"(unnamed_function_25).(unnamed_function_34).(unnamed_function_35)",6,1,,
Unnamed Function,"(unnamed_function_25).(unnamed_function_34).(unnamed_function_35)",1,0,,
Unnamed Function,"(unnamed_function_25).(unnamed_function_34).(unnamed_function_35).(unnamed_function_36)",2,0,,
Unnamed Function,"(unnamed_function_25).(unnamed_function_34).(unnamed_function_35).(unnamed_function_36)",1,0,,
Class Function,"(unnamed_function_25).Modal",15,0,12,
Unnamed Function,"(unnamed_function_25).Modal.(unnamed_function_26)",2,0,,
Function,"(unnamed_function_25).Plugin",10,0,,
Unnamed Function,"(unnamed_function_25).Plugin.(unnamed_function_33)",8,0,,
Function,"(unnamed_function_25).b",1,0,,
Unnamed Function,"(unnamed_function_25).b.(unnamed_function_26)",1,0,,
Class Function,"(unnamed_function_25).c",1,0,12,
Unnamed Function,"(unnamed_function_25).c.(unnamed_function_27)",1,0,,
Unnamed Function,"(unnamed_function_37)",333,16,,
Unnamed Function,"(unnamed_function_37)",1,0,,
Function,"(unnamed_function_37).Plugin",10,0,,
Unnamed Function,"(unnamed_function_37).Plugin.(unnamed_function_41)",8,0,,
Class Function,"(unnamed_function_37).Tooltip",9,0,26,
Function,"(unnamed_function_37).b",1,0,,
Unnamed Function,"(unnamed_function_37).b.(unnamed_function_38)",1,0,,
Class Function,"(unnamed_function_37).c",1,0,26,
Unnamed Function,"(unnamed_function_4)",48,10,,
Unnamed Function,"(unnamed_function_4)",1,0,,
Class Function,"(unnamed_function_4).Alert",3,0,1,
Function,"(unnamed_function_4).Plugin",8,0,,
Unnamed Function,"(unnamed_function_4).Plugin.(unnamed_function_5)",6,0,,
Function,"(unnamed_function_4).b",1,0,,
Unnamed Function,"(unnamed_function_4).b.(unnamed_function_5)",1,0,,
Class Function,"(unnamed_function_4).d",1,0,1,
Unnamed Function,"(unnamed_function_42)",65,11,,
Unnamed Function,"(unnamed_function_42)",1,0,,
Function,"(unnamed_function_42).Plugin",10,0,,
Unnamed Function,"(unnamed_function_42).Plugin.(unnamed_function_43)",8,0,,
Class Function,"(unnamed_function_42).Popover",3,0,6,
Function,"(unnamed_function_42).b",1,0,,
Unnamed Function,"(unnamed_function_42).b.(unnamed_function_43)",1,0,,
Class Function,"(unnamed_function_42).c",1,0,6,
Unnamed Function,"(unnamed_function_44)",116,8,,
Unnamed Function,"(unnamed_function_44)",1,0,,
Unnamed Function,"(unnamed_function_44).(unnamed_function_49)",6,0,,
Unnamed Function,"(unnamed_function_44).(unnamed_function_49)",1,0,,
Unnamed Function,"(unnamed_function_44).(unnamed_function_49).(unnamed_function_50)",4,0,,
Unnamed Function,"(unnamed_function_44).(unnamed_function_49).(unnamed_function_50)",1,0,,
Function,"(unnamed_function_44).Plugin",9,0,,
Unnamed Function,"(unnamed_function_44).Plugin.(unnamed_function_48)",7,0,,
Class Function,"(unnamed_function_44).ScrollSpy",14,0,4,
Class Function,"(unnamed_function_44).b",1,0,4,
Function,"(unnamed_function_44).c",1,0,,
Unnamed Function,"(unnamed_function_44).c.(unnamed_function_45)",1,0,,
Unnamed Function,"(unnamed_function_51)",79,10,,
Unnamed Function,"(unnamed_function_51)",1,0,,
Unnamed Function,"(unnamed_function_51).(unnamed_function_54)",4,0,,
Unnamed Function,"(unnamed_function_51).(unnamed_function_54)",1,0,,
Function,"(unnamed_function_51).Plugin",8,0,,
Unnamed Function,"(unnamed_function_51).Plugin.(unnamed_function_53)",6,0,,
Class Function,"(unnamed_function_51).Tab",3,0,2,
Function,"(unnamed_function_51).b",1,0,,
Unnamed Function,"(unnamed_function_51).b.(unnamed_function_52)",1,0,,
Class Function,"(unnamed_function_51).c",1,0,2,
Unnamed Function,"(unnamed_function_55)",88,8,,
Unnamed Function,"(unnamed_function_55)",1,0,,
Unnamed Function,"(unnamed_function_55).(unnamed_function_57)",10,0,,
Unnamed Function,"(unnamed_function_55).(unnamed_function_57)",1,0,,
Unnamed Function,"(unnamed_function_55).(unnamed_function_57).(unnamed_function_58)",8,0,,
Unnamed Function,"(unnamed_function_55).(unnamed_function_57).(unnamed_function_58)",1,0,,
Class Function,"(unnamed_function_55).Affix",11,0,3,
Function,"(unnamed_function_55).Plugin",9,0,,
Unnamed Function,"(unnamed_function_55).Plugin.(unnamed_function_56)",7,0,,
Function,"(unnamed_function_55).b",1,0,,
Unnamed Function,"(unnamed_function_55).b.(unnamed_function_56)",1,0,,
Class Function,"(unnamed_function_55).c",1,0,3,
Unnamed Function,"(unnamed_function_6)",66,9,,
Unnamed Function,"(unnamed_function_6)",1,0,,
Unnamed Function,"(unnamed_function_6).(unnamed_function_9)",6,0,,
Unnamed Function,"(unnamed_function_6).(unnamed_function_9)",1,0,,
Class Function,"(unnamed_function_6).Button",5,0,2,
Function,"(unnamed_function_6).Plugin",10,0,,
Unnamed Function,"(unnamed_function_6).Plugin.(unnamed_function_8)",8,0,,
Function,"(unnamed_function_6).b",1,0,,
Unnamed Function,"(unnamed_function_6).b.(unnamed_function_7)",1,0,,
Class Function,"(unnamed_function_6).c",1,0,2,
File,"AbstractDAO.java",32,7,6,1
File,"AbstractEntity.java",13,2,3,1
Function,"Affix.prototype.checkPosition",32,0,,
Function,"Affix.prototype.checkPositionWithEventLoop",3,0,,
Function,"Affix.prototype.getPinnedOffset",7,0,,
Function,"Alert.prototype.close",24,2,,
Function,"Alert.prototype.close.removeElement",3,1,,
File,"AutorizadorInterceptor.java",18,1,1,1
Function,"Button.prototype.setState",18,1,,
Unnamed Function,"Button.prototype.setState.(unnamed_function_7)",9,0,,
Function,"Button.prototype.toggle",13,0,,
File,"Cardapio.java",100,0,13,1
File,"CardapioController.java",57,0,7,1
File,"CardapioControllerProduct.java",58,3,6,1
File,"CardapioDAO.java",24,0,3,1
File,"CardapioService.java",105,1,11,1
Function,"Carousel.prototype.cycle",8,0,,
Function,"Carousel.prototype.getItemIndex",4,0,,
Function,"Carousel.prototype.keydown",8,0,,
Function,"Carousel.prototype.next",4,0,,
Function,"Carousel.prototype.pause",9,0,,
Function,"Carousel.prototype.prev",4,0,,
Function,"Carousel.prototype.slide",52,2,,
Unnamed Function,"Carousel.prototype.slide.(unnamed_function_12)",8,0,,
Unnamed Function,"Carousel.prototype.slide.(unnamed_function_12).(unnamed_function_13)",2,0,,
Function,"Carousel.prototype.to",8,1,,
Unnamed Function,"Carousel.prototype.to.(unnamed_function_11)",1,0,,
File,"Categoria.java",53,0,8,1
File,"CategoriaController.java",60,0,5,1
File,"CategoriaDAO.java",29,1,3,1
File,"CategoriaService.java",75,1,10,1
File,"Cliente.java",24,0,4,1
File,"ClienteController.java",81,4,7,1
File,"ClienteDAO.java",18,0,2,1
File,"ClienteService.java",46,0,7,1
Function,"Collapse.prototype.dimension",4,0,,
Function,"Collapse.prototype.hide",25,0,,
Function,"Collapse.prototype.hide.complete",7,0,,
Function,"Collapse.prototype.show",31,0,,
Function,"Collapse.prototype.show.complete",8,0,,
Function,"Collapse.prototype.toggle",3,0,,
File,"Delivery.java",25,0,4,1
File,"DeliveryController.java",96,0,11,1
File,"DeliveryControllerProduct.java",48,0,7,1
File,"DeliveryControllerProductProduct.java",73,0,7,1
File,"DeliveryControllerProductProduct2.java",74,3,7,1
File,"DeliveryDAO.java",10,0,1,1
File,"DeliveryService.java",30,0,5,1
Function,"Dropdown.prototype.keydown",21,2,,
Function,"Dropdown.prototype.toggle",21,1,,
File,"Endereco.java",48,7,10,1
File,"Funcionario.java",55,0,11,1
File,"FuncionarioController.java",63,0,5,1
File,"FuncionarioDAO.java",22,1,2,1
File,"FuncionarioService.java",49,1,7,1
File,"Gerente.java",5,0,0,1
File,"GerenteDAO.java",12,0,1,1
File,"GerenteService.java",32,0,5,1
File,"ItemCardapio.java",89,0,15,1
File,"ItemCardapioDAO.java",20,7,2,1
File,"ItemCardapioService.java",35,0,6,1
File,"JPAUtil.java",3,6,0,1
File,"LayoutController.java",16,0,2,1
File,"Logar.java",6,0,1,1
File,"LoginController.java",29,4,3,1
File,"Mesa.java",71,1,12,1
File,"MesaController.java",79,0,6,1
File,"MesaDAO.java",29,3,3,1
File,"MesaService.java",57,6,8,1
Function,"Modal.prototype.backdrop",36,1,,
Unnamed Function,"Modal.prototype.backdrop.(unnamed_function_32)",4,0,,
Function,"Modal.prototype.backdrop.callbackRemove",4,0,,
Function,"Modal.prototype.checkScrollbar",4,0,,
Function,"Modal.prototype.enforceFocus",9,1,,
Unnamed Function,"Modal.prototype.enforceFocus.(unnamed_function_29)",5,0,,
Function,"Modal.prototype.escape",9,0,,
Unnamed Function,"Modal.prototype.escape.(unnamed_function_30)",2,0,,
Function,"Modal.prototype.hide",20,0,,
Function,"Modal.prototype.hideModal",7,0,,
Unnamed Function,"Modal.prototype.hideModal.(unnamed_function_31)",2,0,,
Function,"Modal.prototype.measureScrollbar",8,1,,
Function,"Modal.prototype.removeBackdrop",4,0,,
Function,"Modal.prototype.resetScrollbar",3,0,,
Function,"Modal.prototype.setScrollbar",4,0,,
Function,"Modal.prototype.show",36,3,,
Unnamed Function,"Modal.prototype.show.(unnamed_function_27)",22,3,,
Unnamed Function,"Modal.prototype.show.(unnamed_function_27).(unnamed_function_28)",2,0,,
Function,"Modal.prototype.toggle",3,0,,
File,"Pedido.java",11,0,5,1
File,"Pedido.java",79,3,12,1
File,"PedidoController.java",129,4,13,1
File,"PedidoControllerProduct.java",77,0,7,1
File,"PedidoDAO.java",40,0,5,1
File,"PedidoService.java",44,0,9,1
Function,"Popover.prototype.arrow",3,0,,
Function,"Popover.prototype.getContent",8,0,,
Function,"Popover.prototype.getDefaults",3,0,,
Function,"Popover.prototype.hasContent",3,0,,
Function,"Popover.prototype.setContent",11,3,,
Function,"Popover.prototype.tip",4,0,,
File,"Reserva.java",134,0,16,1
File,"ReservaController.java",65,3,6,1
File,"ReservaControllerProduct.java",30,0,2,1
File,"ReservaDAO.java",47,1,6,1
File,"ReservaService.java",60,3,9,1
Function,"ScrollSpy.prototype.activate",18,0,,
Function,"ScrollSpy.prototype.getScrollHeight",3,0,,
Function,"ScrollSpy.prototype.process",24,0,,
Function,"ScrollSpy.prototype.refresh",28,0,,
Unnamed Function,"ScrollSpy.prototype.refresh.(unnamed_function_45)",6,0,,
Unnamed Function,"ScrollSpy.prototype.refresh.(unnamed_function_46)",1,0,,
Unnamed Function,"ScrollSpy.prototype.refresh.(unnamed_function_47)",4,0,,
Function,"Tab.prototype.activate",29,1,,
Function,"Tab.prototype.activate.next",17,1,,
Function,"Tab.prototype.show",24,1,,
Unnamed Function,"Tab.prototype.show.(unnamed_function_52)",2,0,,
Function,"Tooltip.prototype.applyPlacement",33,5,,
Function,"Tooltip.prototype.arrow",3,0,,
Function,"Tooltip.prototype.destroy",4,0,,
Function,"Tooltip.prototype.disable",3,0,,
Function,"Tooltip.prototype.enable",3,0,,
Function,"Tooltip.prototype.enter",14,0,,
Unnamed Function,"Tooltip.prototype.enter.(unnamed_function_39)",3,0,,
Function,"Tooltip.prototype.fixTitle",6,0,,
Function,"Tooltip.prototype.getCalculatedOffset",6,1,,
Function,"Tooltip.prototype.getDefaults",3,0,,
Function,"Tooltip.prototype.getDelegateOptions",8,0,,
Unnamed Function,"Tooltip.prototype.getDelegateOptions.(unnamed_function_38)",3,0,,
Function,"Tooltip.prototype.getOptions",10,0,,
Function,"Tooltip.prototype.getPosition",10,0,,
Function,"Tooltip.prototype.getTitle",8,0,,
Function,"Tooltip.prototype.getUID",5,0,,
Function,"Tooltip.prototype.getViewportAdjustedDelta",24,4,,
Function,"Tooltip.prototype.hasContent",3,0,,
Function,"Tooltip.prototype.hide",20,0,,
Function,"Tooltip.prototype.hide.complete",4,0,,
Function,"Tooltip.prototype.init",22,0,,
Function,"Tooltip.prototype.leave",14,0,,
Unnamed Function,"Tooltip.prototype.leave.(unnamed_function_40)",3,0,,
Function,"Tooltip.prototype.replaceArrow",3,0,,
Function,"Tooltip.prototype.setContent",6,0,,
Function,"Tooltip.prototype.show",56,0,,
Function,"Tooltip.prototype.show.complete",4,0,,
Function,"Tooltip.prototype.tip",3,0,,
Function,"Tooltip.prototype.toggle",11,0,,
Function,"Tooltip.prototype.toggleEnabled",3,0,,
Function,"Tooltip.prototype.validate",7,0,,
File,"Tradicional.java",18,0,2,1
File,"TradicionalDAO.java",9,0,1,1
File,"TradicionalService.java",32,0,5,1
File,"Usuario.java",96,0,14,1
File,"UsuarioDAO.java",15,0,2,1
File,"UsuarioService.java",35,0,6,1
Public Function,"a.event.special.bsTransitionEnd.handle",1,0,,
Public Function,"a.fn.affix.noConflict",1,0,,
Public Function,"a.fn.alert.noConflict",1,0,,
Public Function,"a.fn.button.noConflict",1,0,,
Public Function,"a.fn.carousel.noConflict",1,0,,
Public Function,"a.fn.collapse.noConflict",1,0,,
Public Function,"a.fn.dropdown.noConflict",1,0,,
Public Function,"a.fn.emulateTransitionEnd",1,0,,
Unnamed Function,"a.fn.emulateTransitionEnd.(unnamed_function_2)",1,0,,
Function,"a.fn.emulateTransitionEnd.e",1,0,,
Public Function,"a.fn.modal.noConflict",1,0,,
Public Function,"a.fn.popover.noConflict",1,0,,
Public Function,"a.fn.scrollspy.noConflict",1,0,,
Public Function,"a.fn.tab.noConflict",1,0,,
Public Function,"a.fn.tooltip.noConflict",1,0,,
Function,"b.prototype.activate",1,0,,
Function,"b.prototype.getScrollHeight",1,0,,
Function,"b.prototype.process",1,0,,
Function,"b.prototype.refresh",1,0,,
Unnamed Function,"b.prototype.refresh.(unnamed_function_46)",1,0,,
Unnamed Function,"b.prototype.refresh.(unnamed_function_47)",1,0,,
Unnamed Function,"b.prototype.refresh.(unnamed_function_48)",1,0,,
File,"bootstrap-theme.css",0,0,,0
File,"bootstrap-theme.min.css",0,0,,0
File,"bootstrap.css",0,0,,0
File,"bootstrap.js",1392,215,,0
File,"bootstrap.min.css",0,0,,0
File,"bootstrap.min.js",1,5,,0
Function,"c.prototype.activate",1,0,,
Function,"c.prototype.activate.e",1,0,,
Function,"c.prototype.applyPlacement",1,0,,
Function,"c.prototype.arrow",1,0,,
Function,"c.prototype.arrow",1,0,,
Function,"c.prototype.backdrop",1,0,,
Unnamed Function,"c.prototype.backdrop.(unnamed_function_33)",1,0,,
Function,"c.prototype.backdrop.f",1,0,,
Function,"c.prototype.checkPosition",1,0,,
Function,"c.prototype.checkPositionWithEventLoop",1,0,,
Function,"c.prototype.checkScrollbar",1,0,,
Function,"c.prototype.cycle",1,0,,
Function,"c.prototype.destroy",1,0,,
Function,"c.prototype.dimension",1,0,,
Function,"c.prototype.disable",1,0,,
Function,"c.prototype.enable",1,0,,
Function,"c.prototype.enforceFocus",1,0,,
Unnamed Function,"c.prototype.enforceFocus.(unnamed_function_30)",1,0,,
Function,"c.prototype.enter",1,0,,
Unnamed Function,"c.prototype.enter.(unnamed_function_40)",1,0,,
Function,"c.prototype.escape",1,0,,
Unnamed Function,"c.prototype.escape.(unnamed_function_31)",1,0,,
Function,"c.prototype.fixTitle",1,0,,
Function,"c.prototype.getCalculatedOffset",1,0,,
Function,"c.prototype.getContent",1,0,,
Function,"c.prototype.getDefaults",1,0,,
Function,"c.prototype.getDefaults",1,0,,
Function,"c.prototype.getDelegateOptions",1,0,,
Unnamed Function,"c.prototype.getDelegateOptions.(unnamed_function_39)",1,0,,
Function,"c.prototype.getItemIndex",1,0,,
Function,"c.prototype.getOptions",1,0,,
Function,"c.prototype.getPinnedOffset",1,0,,
Function,"c.prototype.getPosition",1,0,,
Function,"c.prototype.getTitle",1,0,,
Function,"c.prototype.getUID",1,0,,
Function,"c.prototype.getViewportAdjustedDelta",1,0,,
Function,"c.prototype.hasContent",1,0,,
Function,"c.prototype.hasContent",1,0,,
Function,"c.prototype.hide",1,0,,
Function,"c.prototype.hide",1,0,,
Function,"c.prototype.hide",1,0,,
Function,"c.prototype.hide.b",1,0,,
Function,"c.prototype.hide.d",1,0,,
Function,"c.prototype.hideModal",1,0,,
Unnamed Function,"c.prototype.hideModal.(unnamed_function_32)",1,0,,
Function,"c.prototype.init",1,0,,
Function,"c.prototype.keydown",1,0,,
Function,"c.prototype.leave",1,0,,
Unnamed Function,"c.prototype.leave.(unnamed_function_41)",1,0,,
Function,"c.prototype.measureScrollbar",1,0,,
Function,"c.prototype.next",1,0,,
Function,"c.prototype.pause",1,0,,
Function,"c.prototype.prev",1,0,,
Function,"c.prototype.removeBackdrop",1,0,,
Function,"c.prototype.replaceArrow",1,0,,
Function,"c.prototype.resetScrollbar",1,0,,
Function,"c.prototype.setContent",1,0,,
Function,"c.prototype.setContent",1,0,,
Function,"c.prototype.setScrollbar",1,0,,
Function,"c.prototype.setState",1,0,,
Unnamed Function,"c.prototype.setState.(unnamed_function_8)",1,0,,
Function,"c.prototype.show",1,0,,
Function,"c.prototype.show",1,0,,
Function,"c.prototype.show",1,0,,
Function,"c.prototype.show",1,0,,
Unnamed Function,"c.prototype.show.(unnamed_function_28)",1,0,,
Unnamed Function,"c.prototype.show.(unnamed_function_28).(unnamed_function_29)",1,0,,
Unnamed Function,"c.prototype.show.(unnamed_function_53)",1,0,,
Function,"c.prototype.show.g",1,0,,
Function,"c.prototype.show.q",1,0,,
Function,"c.prototype.slide",1,0,,
Unnamed Function,"c.prototype.slide.(unnamed_function_13)",1,0,,
Unnamed Function,"c.prototype.slide.(unnamed_function_13).(unnamed_function_14)",1,0,,
Function,"c.prototype.tip",1,0,,
Function,"c.prototype.tip",1,0,,
Function,"c.prototype.to",1,0,,
Unnamed Function,"c.prototype.to.(unnamed_function_12)",1,0,,
Function,"c.prototype.toggle",1,0,,
Function,"c.prototype.toggle",1,0,,
Function,"c.prototype.toggle",1,0,,
Function,"c.prototype.toggle",1,0,,
Function,"c.prototype.toggleEnabled",1,0,,
Function,"c.prototype.validate",1,0,,
Function,"d.prototype.close",1,0,,
Function,"d.prototype.close.c",1,0,,
File,"dispatcher-servlet.xml",59,19,,0
Function,"g.prototype.keydown",1,0,,
Function,"g.prototype.toggle",1,0,,
File,"org.eclipse.wst.common.project.facet.core.xml",9,0,,0
Package,"proj",0,0,0,0
Package,"proj.unipe",0,0,0,0
Package,"proj.unipe.autorizador",18,1,1,1
Public Class,"proj.unipe.autorizador.AutorizadorInterceptor",14,1,1,
Public Method,"proj.unipe.autorizador.AutorizadorInterceptor.preHandle",12,1,,
Package,"proj.unipe.bd",3,6,0,1
Public Class,"proj.unipe.bd.JPAUtil",2,5,0,
Package,"proj.unipe.controllers",929,15,95,16
Public Class,"proj.unipe.controllers.CardapioController",38,0,7,
Public Method,"proj.unipe.controllers.CardapioController.filtrar",3,0,,
Public Method,"proj.unipe.controllers.CardapioController.insertForm",3,0,,
Public Method,"proj.unipe.controllers.CardapioController.list",3,0,,
Public Method,"proj.unipe.controllers.CardapioController.save",3,0,,
Public Method,"proj.unipe.controllers.CardapioController.selectDeCategoria",9,0,,
Public Method,"proj.unipe.controllers.CardapioController.selectDeStatus",3,0,,
Public Method,"proj.unipe.controllers.CardapioController.updateForm",3,0,,
Public Class,"proj.unipe.controllers.CategoriaController",46,0,5,
Public Method,"proj.unipe.controllers.CategoriaController.filter",13,0,,
Public Method,"proj.unipe.controllers.CategoriaController.insertForm",6,0,,
Public Method,"proj.unipe.controllers.CategoriaController.list",6,0,,
Public Method,"proj.unipe.controllers.CategoriaController.selectDeStatus",7,0,,
Public Method,"proj.unipe.controllers.CategoriaController.updateForm",6,0,,
Public Class,"proj.unipe.controllers.ClienteController",67,4,7,
Public Method,"proj.unipe.controllers.ClienteController.cadastro",6,0,,
Public Method,"proj.unipe.controllers.ClienteController.confirmarCadastro",8,1,,
Public Method,"proj.unipe.controllers.ClienteController.filter",13,0,,
Public Method,"proj.unipe.controllers.ClienteController.insertForm",6,0,,
Public Method,"proj.unipe.controllers.ClienteController.list",6,0,,
Public Method,"proj.unipe.controllers.ClienteController.save",12,0,,
Public Method,"proj.unipe.controllers.ClienteController.updateForm",5,0,,
Public Class,"proj.unipe.controllers.DeliveryController",76,0,11,
Public Method,"proj.unipe.controllers.DeliveryController.adicionarItem",18,0,,
Private Method,"proj.unipe.controllers.DeliveryController.carrinho",9,0,,
Public Method,"proj.unipe.controllers.DeliveryController.detalharPedido",3,0,,
Private Method,"proj.unipe.controllers.DeliveryController.extracted",3,0,,
Public Method,"proj.unipe.controllers.DeliveryController.filtrar",3,0,,
Public Method,"proj.unipe.controllers.DeliveryController.finalizarPedido",3,0,,
Public Method,"proj.unipe.controllers.DeliveryController.list",3,0,,
Public Method,"proj.unipe.controllers.DeliveryController.novoDelivery",3,0,,
Public Method,"proj.unipe.controllers.DeliveryController.remove",4,0,,
Public Method,"proj.unipe.controllers.DeliveryController.selectCardapio",9,0,,
Public Method,"proj.unipe.controllers.DeliveryController.selectStatus",3,0,,
Public Class,"proj.unipe.controllers.DeliveryControllerProduct",35,0,7,
Public Method,"proj.unipe.controllers.DeliveryControllerProduct.detalharPedido",7,0,,
Public Method,"proj.unipe.controllers.DeliveryControllerProduct.filtrar",3,0,,
Public Method,"proj.unipe.controllers.DeliveryControllerProduct.finalizarPedido",3,0,,
Public Method,"proj.unipe.controllers.DeliveryControllerProduct.list",3,0,,
Public Method,"proj.unipe.controllers.DeliveryControllerProduct.novoDelivery",3,0,,
Public Method,"proj.unipe.controllers.DeliveryControllerProduct.remove",4,0,,
Public Method,"proj.unipe.controllers.DeliveryControllerProduct.selectStatus",3,0,,
Public Class,"proj.unipe.controllers.DeliveryControllerProductProduct",57,0,7,
Private Method,"proj.unipe.controllers.DeliveryControllerProductProduct.cliente",8,0,,
Method,"proj.unipe.controllers.DeliveryControllerProductProduct.delivery",8,0,,
Method,"proj.unipe.controllers.DeliveryControllerProductProduct.delivery1",6,0,,
Private Method,"proj.unipe.controllers.DeliveryControllerProductProduct.item",7,0,,
Public Method,"proj.unipe.controllers.DeliveryControllerProductProduct.novoDelivery",8,0,,
Public Method,"proj.unipe.controllers.DeliveryControllerProductProduct.remove",10,0,,
Public Method,"proj.unipe.controllers.DeliveryControllerProductProduct.selectStatus",7,0,,
Public Class,"proj.unipe.controllers.DeliveryControllerProductProduct2",60,3,7,
Private Method,"proj.unipe.controllers.DeliveryControllerProductProduct2.cliente",8,0,,
Private Method,"proj.unipe.controllers.DeliveryControllerProductProduct2.delivery",3,3,,
Public Method,"proj.unipe.controllers.DeliveryControllerProductProduct2.filtrar",11,0,,
Public Method,"proj.unipe.controllers.DeliveryControllerProductProduct2.finalizarPedido",19,0,,
Public Method,"proj.unipe.controllers.DeliveryControllerProductProduct2.getDeliveryControllerProductProduct",3,0,,
Public Method,"proj.unipe.controllers.DeliveryControllerProductProduct2.getPedidoService",3,0,,
Public Method,"proj.unipe.controllers.DeliveryControllerProductProduct2.list",7,0,,
Public Class,"proj.unipe.controllers.FuncionarioController",50,0,5,
Public Method,"proj.unipe.controllers.FuncionarioController.editar",5,0,,
Public Method,"proj.unipe.controllers.FuncionarioController.filtro",13,0,,
Public Method,"proj.unipe.controllers.FuncionarioController.list",6,0,,
Public Method,"proj.unipe.controllers.FuncionarioController.novo",5,0,,
Public Method,"proj.unipe.controllers.FuncionarioController.salvar",12,0,,
Public Class,"proj.unipe.controllers.LayoutController",10,0,2,
Public Method,"proj.unipe.controllers.LayoutController.menu",3,0,,
Public Method,"proj.unipe.controllers.LayoutController.rodape",3,0,,
Public Interface,"proj.unipe.controllers.Logar",2,0,1,
Abstract Method,"proj.unipe.controllers.Logar.entrar",1,0,,
Public Class,"proj.unipe.controllers.LoginController",19,4,3,
Public Method,"proj.unipe.controllers.LoginController.entrar",3,1,,
Public Method,"proj.unipe.controllers.LoginController.loginPage",5,0,,
Public Method,"proj.unipe.controllers.LoginController.logout",4,0,,
Public Class,"proj.unipe.controllers.MesaController",62,0,6,
Public Method,"proj.unipe.controllers.MesaController.filter",11,0,,
Public Method,"proj.unipe.controllers.MesaController.insertForm",6,0,,
Public Method,"proj.unipe.controllers.MesaController.list",7,0,,
Public Method,"proj.unipe.controllers.MesaController.save",17,0,,
Public Method,"proj.unipe.controllers.MesaController.selectDeReserva",6,0,,
Public Method,"proj.unipe.controllers.MesaController.updateForm",6,0,,
Public Interface,"proj.unipe.controllers.Pedido",6,0,5,
Abstract Method,"proj.unipe.controllers.Pedido.detalharPedido",1,0,,
Abstract Method,"proj.unipe.controllers.Pedido.filtrar",1,0,,
Abstract Method,"proj.unipe.controllers.Pedido.finalizarPedido",1,0,,
Abstract Method,"proj.unipe.controllers.Pedido.list",1,0,,
Abstract Method,"proj.unipe.controllers.Pedido.selectStatus",1,0,,
Public Class,"proj.unipe.controllers.PedidoController",107,4,13,
Public Method,"proj.unipe.controllers.PedidoController.adicionarItem",19,0,,
Private Method,"proj.unipe.controllers.PedidoController.carrinho",9,0,,
Public Method,"proj.unipe.controllers.PedidoController.detalharPedido",3,4,,
Private Method,"proj.unipe.controllers.PedidoController.extracted",3,0,,
Public Method,"proj.unipe.controllers.PedidoController.filtrar",3,0,,
Public Method,"proj.unipe.controllers.PedidoController.finalizarPedido",3,0,,
Private Method,"proj.unipe.controllers.PedidoController.item",8,0,,
Public Method,"proj.unipe.controllers.PedidoController.list",3,0,,
Public Method,"proj.unipe.controllers.PedidoController.novoPedido",10,0,,
Public Method,"proj.unipe.controllers.PedidoController.remove",10,0,,
Public Method,"proj.unipe.controllers.PedidoController.selectCardapio",9,0,,
Public Method,"proj.unipe.controllers.PedidoController.selectMesas",9,0,,
Public Method,"proj.unipe.controllers.PedidoController.selectStatus",3,0,,
Public Class,"proj.unipe.controllers.PedidoControllerProduct",61,0,7,
Public Method,"proj.unipe.controllers.PedidoControllerProduct.detalharPedido",7,0,,
Public Method,"proj.unipe.controllers.PedidoControllerProduct.filtrar",11,0,,
Public Method,"proj.unipe.controllers.PedidoControllerProduct.finalizarPedido",10,0,,
Public Method,"proj.unipe.controllers.PedidoControllerProduct.itemCardapio",5,0,,
Private Method,"proj.unipe.controllers.PedidoControllerProduct.itemcardapio",7,0,,
Public Method,"proj.unipe.controllers.PedidoControllerProduct.list",7,0,,
Public Method,"proj.unipe.controllers.PedidoControllerProduct.selectStatus",7,0,,
Public Class,"proj.unipe.controllers.ReservaControllerProduct",19,0,2,
Public Method,"proj.unipe.controllers.ReservaControllerProduct.insertForm",7,0,,
Public Method,"proj.unipe.controllers.ReservaControllerProduct.selectMesas",9,0,,
Package,"proj.unipe.daos",307,20,37,13
Public Generic Class,"proj.unipe.daos.AbstractDAO",26,1,6,
Public Constructor,"proj.unipe.daos.AbstractDAO.AbstractDAO",3,0,,
TypeVariable,"proj.unipe.daos.AbstractDAO.T",0,0,0,
Public Method,"proj.unipe.daos.AbstractDAO.atualizar",3,0,,
Public Method,"proj.unipe.daos.AbstractDAO.buscarPorID",3,0,,
Public Method,"proj.unipe.daos.AbstractDAO.excluir",4,1,,
Public Method,"proj.unipe.daos.AbstractDAO.inserir",3,0,,
Public Method,"proj.unipe.daos.AbstractDAO.listar",5,0,,
Public Class,"proj.unipe.daos.CardapioDAO",17,0,3,
Public Constructor,"proj.unipe.daos.CardapioDAO.CardapioDAO",3,0,,
Public Method,"proj.unipe.daos.CardapioDAO.buscarCardapioPorCategoria",6,0,,
Public Method,"proj.unipe.daos.CardapioDAO.buscarPorNome",6,0,,
Public Class,"proj.unipe.daos.CategoriaDAO",19,1,3,
Public Constructor,"proj.unipe.daos.CategoriaDAO.CategoriaDAO",3,0,,
Public Method,"proj.unipe.daos.CategoriaDAO.buscaPorNome",7,0,,
Public Method,"proj.unipe.daos.CategoriaDAO.buscarCategoriasAtivas",6,0,,
Public Class,"proj.unipe.daos.ClienteDAO",12,0,2,
Public Constructor,"proj.unipe.daos.ClienteDAO.ClienteDAO",3,0,,
Public Method,"proj.unipe.daos.ClienteDAO.buscarPorNome",6,0,,
Public Class,"proj.unipe.daos.DeliveryDAO",6,0,1,
Public Constructor,"proj.unipe.daos.DeliveryDAO.DeliveryDAO",3,0,,
Public Class,"proj.unipe.daos.FuncionarioDAO",14,1,2,
Public Constructor,"proj.unipe.daos.FuncionarioDAO.FuncionarioDAO",3,0,,
Public Method,"proj.unipe.daos.FuncionarioDAO.buscaPorNome",7,0,,
Public Class,"proj.unipe.daos.GerenteDAO",6,0,1,
Public Constructor,"proj.unipe.daos.GerenteDAO.GerenteDAO",3,0,,
Public Class,"proj.unipe.daos.ItemCardapioDAO",12,7,2,
Public Constructor,"proj.unipe.daos.ItemCardapioDAO.ItemCardapioDAO",3,0,,
Public Method,"proj.unipe.daos.ItemCardapioDAO.buscarItensPorIdDoPedido",6,0,,
Public Class,"proj.unipe.daos.MesaDAO",21,1,3,
Public Constructor,"proj.unipe.daos.MesaDAO.MesaDAO",3,0,,
Public Method,"proj.unipe.daos.MesaDAO.buscaPorMesaDeReserva",7,0,,
Public Method,"proj.unipe.daos.MesaDAO.buscaPorNumMesa",7,0,,
Public Class,"proj.unipe.daos.PedidoDAO",29,0,5,
Public Constructor,"proj.unipe.daos.PedidoDAO.PedidoDAO",3,0,,
Public Method,"proj.unipe.daos.PedidoDAO.buscaPorNumeroPedido",7,0,,
Public Method,"proj.unipe.daos.PedidoDAO.buscarPedido",3,0,,
Public Method,"proj.unipe.daos.PedidoDAO.listarDelivery",6,0,,
Public Method,"proj.unipe.daos.PedidoDAO.listarTradicional",6,0,,
Public Class,"proj.unipe.daos.ReservaDAO",37,1,6,
Public Constructor,"proj.unipe.daos.ReservaDAO.ReservaDAO",3,0,,
Public Method,"proj.unipe.daos.ReservaDAO.buscaPorMesaDeReserva",7,0,,
Public Method,"proj.unipe.daos.ReservaDAO.buscaPorNumMesa",7,0,,
Public Method,"proj.unipe.daos.ReservaDAO.buscarPorNomeResponsavel",6,0,,
Public Method,"proj.unipe.daos.ReservaDAO.buscarReserva",3,0,,
Public Method,"proj.unipe.daos.ReservaDAO.buscarReservaPorMesa",6,0,,
Public Class,"proj.unipe.daos.TradicionalDAO",5,0,1,
Public Constructor,"proj.unipe.daos.TradicionalDAO.TradicionalDAO",3,0,,
Public Class,"proj.unipe.daos.UsuarioDAO",9,0,2,
Public Constructor,"proj.unipe.daos.UsuarioDAO.UsuarioDAO",3,0,,
Public Method,"proj.unipe.daos.UsuarioDAO.validaLogin",3,0,,
Package,"proj.unipe.entities",810,13,124,14
Public Abstract Class,"proj.unipe.entities.AbstractEntity",12,1,3,
Public Method,"proj.unipe.entities.AbstractEntity.equals",7,0,,
Public Abstract Method,"proj.unipe.entities.AbstractEntity.getId",1,0,,
Public Abstract Method,"proj.unipe.entities.AbstractEntity.setId",1,0,,
Public Class,"proj.unipe.entities.Cardapio",81,0,13,
Public Method,"proj.unipe.entities.Cardapio.getCategoria",3,0,,
Public Method,"proj.unipe.entities.Cardapio.getId",3,0,,
Public Method,"proj.unipe.entities.Cardapio.getItemCardapio",3,0,,
Public Method,"proj.unipe.entities.Cardapio.getNome",3,0,,
Public Method,"proj.unipe.entities.Cardapio.getPreco",3,0,,
Public Method,"proj.unipe.entities.Cardapio.getStatus",3,0,,
Public Method,"proj.unipe.entities.Cardapio.save",24,0,,
Public Method,"proj.unipe.entities.Cardapio.setCategoria",3,0,,
Public Method,"proj.unipe.entities.Cardapio.setId",3,0,,
Public Method,"proj.unipe.entities.Cardapio.setItemCardapio",3,0,,
Public Method,"proj.unipe.entities.Cardapio.setNome",3,0,,
Public Method,"proj.unipe.entities.Cardapio.setPreco",3,0,,
Public Method,"proj.unipe.entities.Cardapio.setStatus",3,0,,
Public Class,"proj.unipe.entities.Categoria",38,0,8,
Public Method,"proj.unipe.entities.Categoria.getCardapio",3,0,,
Public Method,"proj.unipe.entities.Categoria.getId",3,0,,
Public Method,"proj.unipe.entities.Categoria.getNome",3,0,,
Public Method,"proj.unipe.entities.Categoria.getStatus",3,0,,
Public Method,"proj.unipe.entities.Categoria.setCardapio",3,0,,
Public Method,"proj.unipe.entities.Categoria.setId",3,0,,
Public Method,"proj.unipe.entities.Categoria.setNome",3,0,,
Public Method,"proj.unipe.entities.Categoria.setStatus",3,0,,
Public Class,"proj.unipe.entities.Cliente",18,0,4,
Public Method,"proj.unipe.entities.Cliente.getDelivery",3,0,,
Public Method,"proj.unipe.entities.Cliente.getEndereco",3,0,,
Public Method,"proj.unipe.entities.Cliente.setDelivery",3,0,,
Public Method,"proj.unipe.entities.Cliente.setEndereco",3,0,,
Public Class,"proj.unipe.entities.Delivery",19,0,4,
Public Method,"proj.unipe.entities.Delivery.getCliente",3,0,,
Public Method,"proj.unipe.entities.Delivery.getTrocoPara",3,0,,
Public Method,"proj.unipe.entities.Delivery.setCliente",3,0,,
Public Method,"proj.unipe.entities.Delivery.setTrocoPara",3,0,,
Public Class,"proj.unipe.entities.Endereco",42,7,10,
Public Method,"proj.unipe.entities.Endereco.getBairro",3,0,,
Public Method,"proj.unipe.entities.Endereco.getCep",3,0,,
Public Method,"proj.unipe.entities.Endereco.getComplemento",3,0,,
Public Method,"proj.unipe.entities.Endereco.getNumero",3,0,,
Public Method,"proj.unipe.entities.Endereco.getRua",3,0,,
Public Method,"proj.unipe.entities.Endereco.setBairro",3,0,,
Public Method,"proj.unipe.entities.Endereco.setCep",3,0,,
Public Method,"proj.unipe.entities.Endereco.setComplemento",3,0,,
Public Method,"proj.unipe.entities.Endereco.setNumero",3,0,,
Public Method,"proj.unipe.entities.Endereco.setRua",3,0,,
Public Class,"proj.unipe.entities.Funcionario",49,0,11,
Public Method,"proj.unipe.entities.Funcionario.getCargo",3,0,,
Public Method,"proj.unipe.entities.Funcionario.getCpf",3,0,,
Public Method,"proj.unipe.entities.Funcionario.getPedidos",3,0,,
Public Method,"proj.unipe.entities.Funcionario.getReserva",3,0,,
Public Method,"proj.unipe.entities.Funcionario.getSalario",3,0,,
Public Method,"proj.unipe.entities.Funcionario.getTotal",7,0,,
Public Method,"proj.unipe.entities.Funcionario.setCargo",3,0,,
Public Method,"proj.unipe.entities.Funcionario.setCpf",3,0,,
Public Method,"proj.unipe.entities.Funcionario.setPedidos",3,0,,
Public Method,"proj.unipe.entities.Funcionario.setReserva",3,0,,
Public Method,"proj.unipe.entities.Funcionario.setSalario",3,0,,
Public Class,"proj.unipe.entities.Gerente",2,0,0,
Public Class,"proj.unipe.entities.ItemCardapio",74,0,15,
Public Method,"proj.unipe.entities.ItemCardapio.getCardapio",3,0,,
Public Method,"proj.unipe.entities.ItemCardapio.getDelivery",5,0,,
Public Method,"proj.unipe.entities.ItemCardapio.getId",3,0,,
Public Method,"proj.unipe.entities.ItemCardapio.getPedido",3,0,,
Public Method,"proj.unipe.entities.ItemCardapio.getPreco",3,0,,
Public Method,"proj.unipe.entities.ItemCardapio.getQuantidade",3,0,,
Public Method,"proj.unipe.entities.ItemCardapio.getTradicional",5,0,,
Public Method,"proj.unipe.entities.ItemCardapio.itemCardapio",5,0,,
Public Method,"proj.unipe.entities.ItemCardapio.setCardapio",3,0,,
Public Method,"proj.unipe.entities.ItemCardapio.setDelivery",4,0,,
Public Method,"proj.unipe.entities.ItemCardapio.setId",3,0,,
Public Method,"proj.unipe.entities.ItemCardapio.setPedido",3,0,,
Public Method,"proj.unipe.entities.ItemCardapio.setPreco",3,0,,
Public Method,"proj.unipe.entities.ItemCardapio.setQuantidade",3,0,,
Public Method,"proj.unipe.entities.ItemCardapio.setTradicional",4,0,,
Public Class,"proj.unipe.entities.Mesa",55,0,12,
Public Method,"proj.unipe.entities.Mesa.getCapacidade",3,0,,
Public Method,"proj.unipe.entities.Mesa.getDeReserva",3,0,,
Public Method,"proj.unipe.entities.Mesa.getId",3,0,,
Public Method,"proj.unipe.entities.Mesa.getNumero",3,0,,
Public Method,"proj.unipe.entities.Mesa.getReservas",3,0,,
Public Method,"proj.unipe.entities.Mesa.getTradicional",3,0,,
Public Method,"proj.unipe.entities.Mesa.setCapacidade",3,0,,
Public Method,"proj.unipe.entities.Mesa.setDeReserva",3,0,,
Public Method,"proj.unipe.entities.Mesa.setId",3,0,,
Public Method,"proj.unipe.entities.Mesa.setNumero",3,0,,
Public Method,"proj.unipe.entities.Mesa.setReservas",3,0,,
Public Method,"proj.unipe.entities.Mesa.setTradicional",3,0,,
Public Class,"proj.unipe.entities.Pedido",59,3,12,
Public Method,"proj.unipe.entities.Pedido.buscarPedido",11,0,,
Public Method,"proj.unipe.entities.Pedido.getData",3,0,,
Public Method,"proj.unipe.entities.Pedido.getFuncionario",3,0,,
Public Method,"proj.unipe.entities.Pedido.getId",3,0,,
Public Method,"proj.unipe.entities.Pedido.getItemCardapio",3,0,,
Public Method,"proj.unipe.entities.Pedido.getStatus",3,0,,
Public Method,"proj.unipe.entities.Pedido.getTotal",3,3,,
Public Method,"proj.unipe.entities.Pedido.setData",3,0,,
Public Method,"proj.unipe.entities.Pedido.setFuncionario",3,0,,
Public Method,"proj.unipe.entities.Pedido.setId",3,0,,
Public Method,"proj.unipe.entities.Pedido.setItemCardapio",3,0,,
Public Method,"proj.unipe.entities.Pedido.setStatus",3,0,,
Public Class,"proj.unipe.entities.Reserva",107,0,16,
Public Method,"proj.unipe.entities.Reserva.buscarReserva",17,0,,
Public Method,"proj.unipe.entities.Reserva.filter",22,0,,
Public Method,"proj.unipe.entities.Reserva.getDataFinal",3,0,,
Public Method,"proj.unipe.entities.Reserva.getDataInicial",3,0,,
Public Method,"proj.unipe.entities.Reserva.getFuncionario",3,0,,
Public Method,"proj.unipe.entities.Reserva.getId",3,0,,
Public Method,"proj.unipe.entities.Reserva.getMesa",3,0,,
Public Method,"proj.unipe.entities.Reserva.getNome_responsavel",3,0,,
Public Method,"proj.unipe.entities.Reserva.getNum_Pessoas",3,0,,
Public Method,"proj.unipe.entities.Reserva.setDataFinal",3,0,,
Public Method,"proj.unipe.entities.Reserva.setDataInicial",3,0,,
Public Method,"proj.unipe.entities.Reserva.setFuncionario",3,0,,
Public Method,"proj.unipe.entities.Reserva.setId",3,0,,
Public Method,"proj.unipe.entities.Reserva.setMesa",3,0,,
Public Method,"proj.unipe.entities.Reserva.setNome_responsavel",3,0,,
Public Method,"proj.unipe.entities.Reserva.setNum_Pessoas",3,0,,
Public Class,"proj.unipe.entities.Tradicional",11,0,2,
Public Method,"proj.unipe.entities.Tradicional.getMesa",3,0,,
Public Method,"proj.unipe.entities.Tradicional.setMesa",3,0,,
Public Class,"proj.unipe.entities.Usuario",76,0,14,
Public Method,"proj.unipe.entities.Usuario.entrar",10,0,,
Public Method,"proj.unipe.entities.Usuario.getEmail",3,0,,
Public Method,"proj.unipe.entities.Usuario.getId",3,0,,
Public Method,"proj.unipe.entities.Usuario.getLogin",3,0,,
Public Method,"proj.unipe.entities.Usuario.getNome",3,0,,
Public Method,"proj.unipe.entities.Usuario.getSenha",3,0,,
Public Method,"proj.unipe.entities.Usuario.getTelefone",3,0,,
Public Method,"proj.unipe.entities.Usuario.setEmail",3,0,,
Public Method,"proj.unipe.entities.Usuario.setId",3,0,,
Public Method,"proj.unipe.entities.Usuario.setLogin",3,0,,
Public Method,"proj.unipe.entities.Usuario.setNome",3,0,,
Public Method,"proj.unipe.entities.Usuario.setSenha",3,0,,
Public Method,"proj.unipe.entities.Usuario.setTelefone",3,0,,
Public Method,"proj.unipe.entities.Usuario.validaLogin",11,0,,
Package,"proj.unipe.services",723,18,100,14
Public Class,"proj.unipe.services.CardapioControllerProduct",44,3,6,
Public Method,"proj.unipe.services.CardapioControllerProduct.filtrar",4,0,,
Public Method,"proj.unipe.services.CardapioControllerProduct.insertForm",8,0,,
Public Method,"proj.unipe.services.CardapioControllerProduct.list",7,0,,
Public Method,"proj.unipe.services.CardapioControllerProduct.save",4,3,,
Public Method,"proj.unipe.services.CardapioControllerProduct.selectDeStatus",7,0,,
Public Method,"proj.unipe.services.CardapioControllerProduct.updateForm",7,0,,
Public Class,"proj.unipe.services.CardapioService",88,1,11,
Public Method,"proj.unipe.services.CardapioService.ativar",10,0,,
Public Method,"proj.unipe.services.CardapioService.atualizar",3,0,,
Public Method,"proj.unipe.services.CardapioService.buscaPorNome",4,0,,
Public Method,"proj.unipe.services.CardapioService.buscarCardapioPorCategoria",3,0,,
Public Method,"proj.unipe.services.CardapioService.buscarPorId",4,0,,
Public Method,"proj.unipe.services.CardapioService.desativar",10,0,,
Public Method,"proj.unipe.services.CardapioService.excluir",3,0,,
Public Method,"proj.unipe.services.CardapioService.filtrar",23,0,,
Public Method,"proj.unipe.services.CardapioService.inserir",3,0,,
Public Method,"proj.unipe.services.CardapioService.listar",4,0,,
Public Method,"proj.unipe.services.CardapioService.remove",11,0,,
Public Class,"proj.unipe.services.CategoriaService",61,1,10,
Public Method,"proj.unipe.services.CategoriaService.ativar",10,0,,
Public Method,"proj.unipe.services.CategoriaService.atualizar",3,0,,
Public Method,"proj.unipe.services.CategoriaService.buscaPorNome",4,0,,
Public Method,"proj.unipe.services.CategoriaService.buscarCategoriasAtivas",3,0,,
Public Method,"proj.unipe.services.CategoriaService.buscarPorId",4,0,,
Public Method,"proj.unipe.services.CategoriaService.desativar",10,0,,
Public Method,"proj.unipe.services.CategoriaService.excluir",3,0,,
Public Method,"proj.unipe.services.CategoriaService.inserir",3,0,,
Public Method,"proj.unipe.services.CategoriaService.listar",4,0,,
Public Method,"proj.unipe.services.CategoriaService.remove",11,0,,
Public Class,"proj.unipe.services.ClienteService",34,0,7,
Public Method,"proj.unipe.services.ClienteService.atualizar",3,0,,
Public Method,"proj.unipe.services.ClienteService.buscarPorId",3,0,,
Public Method,"proj.unipe.services.ClienteService.buscarPorNome",3,0,,
Public Method,"proj.unipe.services.ClienteService.excluir",3,0,,
Public Method,"proj.unipe.services.ClienteService.inserir",3,0,,
Public Method,"proj.unipe.services.ClienteService.listar",3,0,,
Public Method,"proj.unipe.services.ClienteService.remove",11,0,,
Public Class,"proj.unipe.services.DeliveryService",21,0,5,
Public Method,"proj.unipe.services.DeliveryService.atualizar",3,0,,
Public Method,"proj.unipe.services.DeliveryService.buscarPorId",4,0,,
Public Method,"proj.unipe.services.DeliveryService.excluir",3,0,,
Public Method,"proj.unipe.services.DeliveryService.inserir",3,0,,
Public Method,"proj.unipe.services.DeliveryService.listar",4,0,,
Public Class,"proj.unipe.services.FuncionarioService",37,1,7,
Public Method,"proj.unipe.services.FuncionarioService.atualizar",3,0,,
Public Method,"proj.unipe.services.FuncionarioService.buscaPorNome",3,0,,
Public Method,"proj.unipe.services.FuncionarioService.buscarPorId",4,0,,
Public Method,"proj.unipe.services.FuncionarioService.excluir",3,0,,
Public Method,"proj.unipe.services.FuncionarioService.inserir",3,0,,
Public Method,"proj.unipe.services.FuncionarioService.listar",5,0,,
Public Method,"proj.unipe.services.FuncionarioService.remover",11,0,,
Public Class,"proj.unipe.services.GerenteService",23,0,5,
Public Method,"proj.unipe.services.GerenteService.atualizar",3,0,,
Public Method,"proj.unipe.services.GerenteService.buscarPorId",5,0,,
Public Method,"proj.unipe.services.GerenteService.excluir",3,0,,
Public Method,"proj.unipe.services.GerenteService.inserir",3,0,,
Public Method,"proj.unipe.services.GerenteService.listar",5,0,,
Public Class,"proj.unipe.services.ItemCardapioService",25,0,6,
Public Method,"proj.unipe.services.ItemCardapioService.atualizar",3,0,,
Public Method,"proj.unipe.services.ItemCardapioService.buscarItensPorIdDoPedido",3,0,,
Public Method,"proj.unipe.services.ItemCardapioService.buscarPorId",5,0,,
Public Method,"proj.unipe.services.ItemCardapioService.excluir",3,0,,
Public Method,"proj.unipe.services.ItemCardapioService.inserir",3,0,,
Public Method,"proj.unipe.services.ItemCardapioService.listar",5,0,,
Public Class,"proj.unipe.services.MesaService",45,1,8,
Public Method,"proj.unipe.services.MesaService.atualizar",3,0,,
Public Method,"proj.unipe.services.MesaService.buscaPorMesaDeReserva",5,0,,
Public Method,"proj.unipe.services.MesaService.buscaPorNumMesa",5,0,,
Public Method,"proj.unipe.services.MesaService.buscarPorId",5,0,,
Public Method,"proj.unipe.services.MesaService.excluir",3,0,,
Public Method,"proj.unipe.services.MesaService.inserir",3,0,,
Public Method,"proj.unipe.services.MesaService.listar",5,0,,
Public Method,"proj.unipe.services.MesaService.remove",11,0,,
Public Class,"proj.unipe.services.PedidoService",33,0,9,
Public Method,"proj.unipe.services.PedidoService.atualizar",3,0,,
Public Method,"proj.unipe.services.PedidoService.buscaPorNumeroPedido",3,0,,
Public Method,"proj.unipe.services.PedidoService.buscarPedido",3,0,,
Public Method,"proj.unipe.services.PedidoService.buscarPorID",3,0,,
Public Method,"proj.unipe.services.PedidoService.excluir",3,0,,
Public Method,"proj.unipe.services.PedidoService.inserir",3,0,,
Public Method,"proj.unipe.services.PedidoService.listar",5,0,,
Public Method,"proj.unipe.services.PedidoService.listarDelivery",3,0,,
Public Method,"proj.unipe.services.PedidoService.listarTradicional",3,0,,
Public Class,"proj.unipe.services.ReservaController",49,3,6,
Public Method,"proj.unipe.services.ReservaController.filter",3,3,,
Public Method,"proj.unipe.services.ReservaController.insertForm",3,0,,
Public Method,"proj.unipe.services.ReservaController.list",7,0,,
Public Method,"proj.unipe.services.ReservaController.save",17,0,,
Public Method,"proj.unipe.services.ReservaController.selectMesas",3,0,,
Public Method,"proj.unipe.services.ReservaController.updateForm",6,0,,
Public Class,"proj.unipe.services.ReservaService",46,3,9,
Public Method,"proj.unipe.services.ReservaService.atualizar",3,0,,
Public Method,"proj.unipe.services.ReservaService.buscarPorId",5,0,,
Public Method,"proj.unipe.services.ReservaService.buscarPorMesa",3,0,,
Public Method,"proj.unipe.services.ReservaService.buscarPorNomeResponsavel",3,0,,
Public Method,"proj.unipe.services.ReservaService.buscarReserva",3,0,,
Public Method,"proj.unipe.services.ReservaService.excluir",3,0,,
Public Method,"proj.unipe.services.ReservaService.inserir",3,3,,
Public Method,"proj.unipe.services.ReservaService.listar",3,0,,
Public Method,"proj.unipe.services.ReservaService.remove",11,0,,
Public Class,"proj.unipe.services.TradicionalService",23,0,5,
Public Method,"proj.unipe.services.TradicionalService.atualizar",3,0,,
Public Method,"proj.unipe.services.TradicionalService.buscarPorId",5,0,,
Public Method,"proj.unipe.services.TradicionalService.excluir",3,0,,
Public Method,"proj.unipe.services.TradicionalService.inserir",3,0,,
Public Method,"proj.unipe.services.TradicionalService.listar",5,0,,
Public Class,"proj.unipe.services.UsuarioService",26,0,6,
Public Method,"proj.unipe.services.UsuarioService.atualizar",3,0,,
Public Method,"proj.unipe.services.UsuarioService.buscarPorID",5,0,,
Public Method,"proj.unipe.services.UsuarioService.excluir",3,0,,
Public Method,"proj.unipe.services.UsuarioService.inserir",3,0,,
Public Method,"proj.unipe.services.UsuarioService.listar",5,0,,
Public Method,"proj.unipe.services.UsuarioService.validaLogin",3,0,,
Public Function,"using",6,0,,
Public Function,"using",1,0,,
File,"web.xml",13,0,,0
