Kind,Name,AvgCyclomatic,SumCyclomatic,MaxEssential,MaxNesting
Public Function,"$.event.special.bsTransitionEnd.handle",,2,,1
Public Function,"$.fn.affix.noConflict",,1,,0
Public Function,"$.fn.alert.noConflict",,1,,0
Public Function,"$.fn.button.noConflict",,1,,0
Public Function,"$.fn.carousel.noConflict",,1,,0
Public Function,"$.fn.collapse.noConflict",,1,,0
Public Function,"$.fn.dropdown.noConflict",,1,,0
Public Function,"$.fn.emulateTransitionEnd",,4,,0
Unnamed Function,"$.fn.emulateTransitionEnd.(unnamed_function_2)",,1,,0
Function,"$.fn.emulateTransitionEnd.callback",,2,,1
Public Function,"$.fn.modal.noConflict",,1,,0
Public Function,"$.fn.popover.noConflict",,1,,0
Public Function,"$.fn.scrollspy.noConflict",,1,,0
Public Function,"$.fn.tab.noConflict",,1,,0
Public Function,"$.fn.tooltip.noConflict",,1,,0
Unnamed Function,"(unnamed_function_1)",,12,,0
Unnamed Function,"(unnamed_function_1)",,10,,0
Unnamed Function,"(unnamed_function_1).(unnamed_function_3)",,4,,1
Unnamed Function,"(unnamed_function_1).(unnamed_function_3)",,3,,0
Function,"(unnamed_function_1).b",,3,,2
Function,"(unnamed_function_1).transitionEnd",,3,,2
Unnamed Function,"(unnamed_function_10)",,44,,0
Unnamed Function,"(unnamed_function_10)",,39,,0
Unnamed Function,"(unnamed_function_10).(unnamed_function_15)",,4,,1
Unnamed Function,"(unnamed_function_10).(unnamed_function_15)",,2,,1
Unnamed Function,"(unnamed_function_10).(unnamed_function_16)",,2,,0
Unnamed Function,"(unnamed_function_10).(unnamed_function_16)",,2,,0
Unnamed Function,"(unnamed_function_10).(unnamed_function_16).(unnamed_function_17)",,1,,0
Unnamed Function,"(unnamed_function_10).(unnamed_function_16).(unnamed_function_17)",,1,,0
Class Function,"(unnamed_function_10).Carousel",0,1,0,0
Function,"(unnamed_function_10).Plugin",,7,,0
Unnamed Function,"(unnamed_function_10).Plugin.(unnamed_function_14)",,6,,3
Function,"(unnamed_function_10).b",,5,,0
Unnamed Function,"(unnamed_function_10).b.(unnamed_function_11)",,4,,0
Class Function,"(unnamed_function_10).c",0,1,0,0
Unnamed Function,"(unnamed_function_18)",,31,,0
Unnamed Function,"(unnamed_function_18)",,24,,0
Unnamed Function,"(unnamed_function_18).(unnamed_function_20)",,5,,2
Unnamed Function,"(unnamed_function_18).(unnamed_function_20)",,3,,0
Class Function,"(unnamed_function_18).Collapse",0,3,0,1
Function,"(unnamed_function_18).Plugin",,5,,0
Unnamed Function,"(unnamed_function_18).Plugin.(unnamed_function_19)",,4,,1
Function,"(unnamed_function_18).b",,2,,0
Unnamed Function,"(unnamed_function_18).b.(unnamed_function_19)",,1,,0
Class Function,"(unnamed_function_18).c",0,1,0,0
Unnamed Function,"(unnamed_function_21)",,30,,0
Unnamed Function,"(unnamed_function_21)",,19,,0
Unnamed Function,"(unnamed_function_21).(unnamed_function_24)",,1,,0
Unnamed Function,"(unnamed_function_21).(unnamed_function_24)",,1,,0
Class Function,"(unnamed_function_21).Dropdown",0,1,0,0
Function,"(unnamed_function_21).Plugin",,4,,0
Unnamed Function,"(unnamed_function_21).Plugin.(unnamed_function_23)",,3,,1
Function,"(unnamed_function_21).b",,2,,0
Unnamed Function,"(unnamed_function_21).b.(unnamed_function_22)",,1,,0
Function,"(unnamed_function_21).c",,2,,0
Function,"(unnamed_function_21).clearMenus",,5,,1
Unnamed Function,"(unnamed_function_21).clearMenus.(unnamed_function_22)",,3,,1
Function,"(unnamed_function_21).d",,2,,0
Unnamed Function,"(unnamed_function_21).d.(unnamed_function_23)",,1,,0
Class Function,"(unnamed_function_21).g",0,1,0,0
Function,"(unnamed_function_21).getParent",,3,,1
Unnamed Function,"(unnamed_function_25)",,58,,0
Unnamed Function,"(unnamed_function_25)",,41,,0
Unnamed Function,"(unnamed_function_25).(unnamed_function_34)",,6,,1
Unnamed Function,"(unnamed_function_25).(unnamed_function_34)",,4,,0
Unnamed Function,"(unnamed_function_25).(unnamed_function_34).(unnamed_function_35)",,3,,1
Unnamed Function,"(unnamed_function_25).(unnamed_function_34).(unnamed_function_35)",,2,,0
Unnamed Function,"(unnamed_function_25).(unnamed_function_34).(unnamed_function_35).(unnamed_function_36)",,1,,0
Unnamed Function,"(unnamed_function_25).(unnamed_function_34).(unnamed_function_35).(unnamed_function_36)",,1,,0
Class Function,"(unnamed_function_25).Modal",1,3,1,1
Unnamed Function,"(unnamed_function_25).Modal.(unnamed_function_26)",,1,,0
Function,"(unnamed_function_25).Plugin",,5,,0
Unnamed Function,"(unnamed_function_25).Plugin.(unnamed_function_33)",,4,,2
Function,"(unnamed_function_25).b",,3,,0
Unnamed Function,"(unnamed_function_25).b.(unnamed_function_26)",,2,,0
Class Function,"(unnamed_function_25).c",1,2,1,0
Unnamed Function,"(unnamed_function_25).c.(unnamed_function_27)",,1,,0
Unnamed Function,"(unnamed_function_37)",,101,,0
Unnamed Function,"(unnamed_function_37)",,80,,0
Function,"(unnamed_function_37).Plugin",,5,,0
Unnamed Function,"(unnamed_function_37).Plugin.(unnamed_function_41)",,4,,1
Class Function,"(unnamed_function_37).Tooltip",0,1,0,0
Function,"(unnamed_function_37).b",,2,,0
Unnamed Function,"(unnamed_function_37).b.(unnamed_function_38)",,1,,0
Class Function,"(unnamed_function_37).c",0,1,0,0
Unnamed Function,"(unnamed_function_4)",,15,,0
Unnamed Function,"(unnamed_function_4)",,9,,0
Class Function,"(unnamed_function_4).Alert",0,1,0,0
Function,"(unnamed_function_4).Plugin",,4,,0
Unnamed Function,"(unnamed_function_4).Plugin.(unnamed_function_5)",,3,,1
Function,"(unnamed_function_4).b",,2,,0
Unnamed Function,"(unnamed_function_4).b.(unnamed_function_5)",,1,,0
Class Function,"(unnamed_function_4).d",0,1,0,0
Unnamed Function,"(unnamed_function_42)",,21,,1
Unnamed Function,"(unnamed_function_42)",,16,,1
Function,"(unnamed_function_42).Plugin",,5,,0
Unnamed Function,"(unnamed_function_42).Plugin.(unnamed_function_43)",,4,,1
Class Function,"(unnamed_function_42).Popover",0,1,0,0
Function,"(unnamed_function_42).b",,2,,0
Unnamed Function,"(unnamed_function_42).b.(unnamed_function_43)",,1,,0
Class Function,"(unnamed_function_42).c",0,1,0,0
Unnamed Function,"(unnamed_function_44)",,23,,0
Unnamed Function,"(unnamed_function_44)",,18,,0
Unnamed Function,"(unnamed_function_44).(unnamed_function_49)",,2,,0
Unnamed Function,"(unnamed_function_44).(unnamed_function_49)",,2,,0
Unnamed Function,"(unnamed_function_44).(unnamed_function_49).(unnamed_function_50)",,1,,0
Unnamed Function,"(unnamed_function_44).(unnamed_function_49).(unnamed_function_50)",,1,,0
Function,"(unnamed_function_44).Plugin",,4,,0
Unnamed Function,"(unnamed_function_44).Plugin.(unnamed_function_48)",,3,,1
Class Function,"(unnamed_function_44).ScrollSpy",0,2,0,0
Class Function,"(unnamed_function_44).b",0,2,0,0
Function,"(unnamed_function_44).c",,2,,0
Unnamed Function,"(unnamed_function_44).c.(unnamed_function_45)",,1,,0
Unnamed Function,"(unnamed_function_51)",,18,,0
Unnamed Function,"(unnamed_function_51)",,14,,0
Unnamed Function,"(unnamed_function_51).(unnamed_function_54)",,1,,0
Unnamed Function,"(unnamed_function_51).(unnamed_function_54)",,1,,0
Function,"(unnamed_function_51).Plugin",,4,,0
Unnamed Function,"(unnamed_function_51).Plugin.(unnamed_function_53)",,3,,1
Class Function,"(unnamed_function_51).Tab",0,1,0,0
Function,"(unnamed_function_51).b",,2,,0
Unnamed Function,"(unnamed_function_51).b.(unnamed_function_52)",,1,,0
Class Function,"(unnamed_function_51).c",0,1,0,0
Unnamed Function,"(unnamed_function_55)",,28,,0
Unnamed Function,"(unnamed_function_55)",,18,,0
Unnamed Function,"(unnamed_function_55).(unnamed_function_57)",,4,,0
Unnamed Function,"(unnamed_function_55).(unnamed_function_57)",,2,,0
Unnamed Function,"(unnamed_function_55).(unnamed_function_57).(unnamed_function_58)",,3,,1
Unnamed Function,"(unnamed_function_55).(unnamed_function_57).(unnamed_function_58)",,1,,0
Class Function,"(unnamed_function_55).Affix",0,1,0,0
Function,"(unnamed_function_55).Plugin",,4,,0
Unnamed Function,"(unnamed_function_55).Plugin.(unnamed_function_56)",,3,,1
Function,"(unnamed_function_55).b",,2,,0
Unnamed Function,"(unnamed_function_55).b.(unnamed_function_56)",,1,,0
Class Function,"(unnamed_function_55).c",0,1,0,0
Unnamed Function,"(unnamed_function_6)",,23,,0
Unnamed Function,"(unnamed_function_6)",,15,,0
Unnamed Function,"(unnamed_function_6).(unnamed_function_9)",,2,,1
Unnamed Function,"(unnamed_function_6).(unnamed_function_9)",,1,,0
Class Function,"(unnamed_function_6).Button",0,1,0,0
Function,"(unnamed_function_6).Plugin",,5,,0
Unnamed Function,"(unnamed_function_6).Plugin.(unnamed_function_8)",,4,,2
Function,"(unnamed_function_6).b",,3,,0
Unnamed Function,"(unnamed_function_6).b.(unnamed_function_7)",,2,,0
Class Function,"(unnamed_function_6).c",0,1,0,0
File,"AbstractDAO.java",1,6,1,0
File,"AbstractEntity.java",2,2,1,1
Function,"Affix.prototype.checkPosition",,14,,1
Function,"Affix.prototype.checkPositionWithEventLoop",,1,,0
Function,"Affix.prototype.getPinnedOffset",,2,,1
Function,"Alert.prototype.close",,8,,1
Function,"Alert.prototype.close.removeElement",,1,,0
File,"AutorizadorInterceptor.java",3,3,3,1
Function,"Button.prototype.setState",,7,,1
Unnamed Function,"Button.prototype.setState.(unnamed_function_7)",,3,,2
Function,"Button.prototype.toggle",,6,,3
File,"Cardapio.java",1,17,1,3
File,"CardapioController.java",1,8,1,1
File,"CardapioControllerProduct.java",1,6,1,0
File,"CardapioDAO.java",1,3,1,0
File,"CardapioService.java",1,18,1,2
Function,"Carousel.prototype.cycle",,1,,0
Function,"Carousel.prototype.getItemIndex",,1,,0
Function,"Carousel.prototype.keydown",,3,,1
Function,"Carousel.prototype.next",,2,,1
Function,"Carousel.prototype.pause",,2,,1
Function,"Carousel.prototype.prev",,2,,1
Function,"Carousel.prototype.slide",,11,,2
Unnamed Function,"Carousel.prototype.slide.(unnamed_function_12)",,2,,0
Unnamed Function,"Carousel.prototype.slide.(unnamed_function_12).(unnamed_function_13)",,1,,0
Function,"Carousel.prototype.to",,6,,1
Unnamed Function,"Carousel.prototype.to.(unnamed_function_11)",,1,,0
File,"Categoria.java",1,8,1,0
File,"CategoriaController.java",1,7,3,2
File,"CategoriaDAO.java",1,3,1,0
File,"CategoriaService.java",1,14,1,2
File,"Cliente.java",1,4,1,0
File,"ClienteController.java",1,12,3,2
File,"ClienteDAO.java",1,2,1,0
File,"ClienteService.java",1,9,1,2
Function,"Collapse.prototype.dimension",,2,,0
Function,"Collapse.prototype.hide",,5,,1
Function,"Collapse.prototype.hide.complete",,1,,0
Function,"Collapse.prototype.show",,7,,2
Function,"Collapse.prototype.show.complete",,1,,0
Function,"Collapse.prototype.toggle",,2,,0
File,"Delivery.java",1,4,1,0
File,"DeliveryController.java",1,13,1,1
File,"DeliveryControllerProduct.java",1,7,1,0
File,"DeliveryControllerProductProduct.java",1,8,1,1
File,"DeliveryControllerProductProduct2.java",1,11,1,2
File,"DeliveryDAO.java",1,1,1,0
File,"DeliveryService.java",1,5,1,0
Function,"Dropdown.prototype.keydown",,9,,2
Function,"Dropdown.prototype.toggle",,5,,2
File,"Endereco.java",1,10,1,0
File,"Funcionario.java",1,12,1,1
File,"FuncionarioController.java",1,9,3,2
File,"FuncionarioDAO.java",1,2,1,0
File,"FuncionarioService.java",1,9,1,2
File,"Gerente.java",0,0,0,0
File,"GerenteDAO.java",1,1,1,0
File,"GerenteService.java",1,5,1,0
File,"ItemCardapio.java",1,17,1,1
File,"ItemCardapioDAO.java",1,2,1,0
File,"ItemCardapioService.java",1,6,1,0
File,"JPAUtil.java",0,0,0,0
File,"LayoutController.java",1,2,1,0
File,"Logar.java",0,0,0,0
File,"LoginController.java",1,3,1,0
File,"Mesa.java",1,12,1,0
File,"MesaController.java",1,10,1,2
File,"MesaDAO.java",1,3,1,0
File,"MesaService.java",1,10,1,2
Function,"Modal.prototype.backdrop",,13,,3
Unnamed Function,"Modal.prototype.backdrop.(unnamed_function_32)",,3,,1
Function,"Modal.prototype.backdrop.callbackRemove",,1,,0
Function,"Modal.prototype.checkScrollbar",,2,,1
Function,"Modal.prototype.enforceFocus",,3,,0
Unnamed Function,"Modal.prototype.enforceFocus.(unnamed_function_29)",,2,,1
Function,"Modal.prototype.escape",,4,,2
Unnamed Function,"Modal.prototype.escape.(unnamed_function_30)",,1,,0
Function,"Modal.prototype.hide",,4,,1
Function,"Modal.prototype.hideModal",,2,,0
Unnamed Function,"Modal.prototype.hideModal.(unnamed_function_31)",,1,,0
Function,"Modal.prototype.measureScrollbar",,1,,0
Function,"Modal.prototype.removeBackdrop",,1,,0
Function,"Modal.prototype.resetScrollbar",,1,,0
Function,"Modal.prototype.setScrollbar",,2,,1
Function,"Modal.prototype.show",,7,,1
Unnamed Function,"Modal.prototype.show.(unnamed_function_27)",,5,,1
Unnamed Function,"Modal.prototype.show.(unnamed_function_27).(unnamed_function_28)",,1,,0
Function,"Modal.prototype.toggle",,2,,0
File,"Pedido.java",1,14,1,1
File,"Pedido.java",0,0,0,0
File,"PedidoController.java",1,16,1,1
File,"PedidoControllerProduct.java",1,9,1,1
File,"PedidoDAO.java",1,5,1,0
File,"PedidoService.java",1,9,1,0
Function,"Popover.prototype.arrow",,1,,0
Function,"Popover.prototype.getContent",,2,,0
Function,"Popover.prototype.getDefaults",,1,,0
Function,"Popover.prototype.hasContent",,1,,0
Function,"Popover.prototype.setContent",,5,,1
Function,"Popover.prototype.tip",,2,,1
File,"Reserva.java",1,23,1,2
File,"ReservaController.java",1,9,1,2
File,"ReservaControllerProduct.java",1,3,1,1
File,"ReservaDAO.java",1,6,1,0
File,"ReservaService.java",1,11,1,2
Function,"ScrollSpy.prototype.activate",,2,,1
Function,"ScrollSpy.prototype.getScrollHeight",,1,,0
Function,"ScrollSpy.prototype.process",,5,,1
Function,"ScrollSpy.prototype.refresh",,5,,1
Unnamed Function,"ScrollSpy.prototype.refresh.(unnamed_function_45)",,1,,0
Unnamed Function,"ScrollSpy.prototype.refresh.(unnamed_function_46)",,1,,0
Unnamed Function,"ScrollSpy.prototype.refresh.(unnamed_function_47)",,1,,0
Function,"Tab.prototype.activate",,5,,0
Function,"Tab.prototype.activate.next",,3,,1
Function,"Tab.prototype.show",,5,,1
Unnamed Function,"Tab.prototype.show.(unnamed_function_52)",,1,,0
Function,"Tooltip.prototype.applyPlacement",,9,,1
Function,"Tooltip.prototype.arrow",,1,,0
Function,"Tooltip.prototype.destroy",,1,,0
Function,"Tooltip.prototype.disable",,1,,0
Function,"Tooltip.prototype.enable",,1,,0
Function,"Tooltip.prototype.enter",,6,,1
Unnamed Function,"Tooltip.prototype.enter.(unnamed_function_39)",,2,,1
Function,"Tooltip.prototype.fixTitle",,2,,1
Function,"Tooltip.prototype.getCalculatedOffset",,4,,0
Function,"Tooltip.prototype.getDefaults",,1,,0
Function,"Tooltip.prototype.getDelegateOptions",,3,,0
Unnamed Function,"Tooltip.prototype.getDelegateOptions.(unnamed_function_38)",,2,,1
Function,"Tooltip.prototype.getOptions",,2,,1
Function,"Tooltip.prototype.getPosition",,6,,0
Function,"Tooltip.prototype.getTitle",,2,,0
Function,"Tooltip.prototype.getUID",,2,,1
Function,"Tooltip.prototype.getViewportAdjustedDelta",,7,,3
Function,"Tooltip.prototype.hasContent",,1,,0
Function,"Tooltip.prototype.hide",,5,,1
Function,"Tooltip.prototype.hide.complete",,2,,1
Function,"Tooltip.prototype.init",,7,,3
Function,"Tooltip.prototype.leave",,6,,1
Unnamed Function,"Tooltip.prototype.leave.(unnamed_function_40)",,2,,1
Function,"Tooltip.prototype.replaceArrow",,2,,0
Function,"Tooltip.prototype.setContent",,2,,0
Function,"Tooltip.prototype.show",,14,,2
Function,"Tooltip.prototype.show.complete",,1,,0
Function,"Tooltip.prototype.tip",,1,,0
Function,"Tooltip.prototype.toggle",,4,,2
Function,"Tooltip.prototype.toggleEnabled",,1,,0
Function,"Tooltip.prototype.validate",,2,,1
File,"Tradicional.java",1,2,1,0
File,"TradicionalDAO.java",1,1,1,0
File,"TradicionalService.java",1,5,1,0
File,"Usuario.java",1,16,1,1
File,"UsuarioDAO.java",1,2,1,0
File,"UsuarioService.java",1,6,1,0
Public Function,"a.event.special.bsTransitionEnd.handle",,2,,0
Public Function,"a.fn.affix.noConflict",,1,,0
Public Function,"a.fn.alert.noConflict",,1,,0
Public Function,"a.fn.button.noConflict",,1,,0
Public Function,"a.fn.carousel.noConflict",,1,,0
Public Function,"a.fn.collapse.noConflict",,1,,0
Public Function,"a.fn.dropdown.noConflict",,1,,0
Public Function,"a.fn.emulateTransitionEnd",,3,,0
Unnamed Function,"a.fn.emulateTransitionEnd.(unnamed_function_2)",,1,,0
Function,"a.fn.emulateTransitionEnd.e",,1,,0
Public Function,"a.fn.modal.noConflict",,1,,0
Public Function,"a.fn.popover.noConflict",,1,,0
Public Function,"a.fn.scrollspy.noConflict",,1,,0
Public Function,"a.fn.tab.noConflict",,1,,0
Public Function,"a.fn.tooltip.noConflict",,1,,0
Function,"b.prototype.activate",,1,,0
Function,"b.prototype.getScrollHeight",,1,,0
Function,"b.prototype.process",,4,,1
Function,"b.prototype.refresh",,4,,0
Unnamed Function,"b.prototype.refresh.(unnamed_function_46)",,1,,0
Unnamed Function,"b.prototype.refresh.(unnamed_function_47)",,1,,0
Unnamed Function,"b.prototype.refresh.(unnamed_function_48)",,1,,0
File,"bootstrap-theme.css",0,0,0,0
File,"bootstrap-theme.min.css",0,0,0,0
File,"bootstrap.css",0,0,0,0
File,"bootstrap.js",2,406,6,3
File,"bootstrap.min.css",0,0,0,0
File,"bootstrap.min.js",1,305,6,4
Function,"c.prototype.activate",,4,,0
Function,"c.prototype.activate.e",,2,,0
Function,"c.prototype.applyPlacement",,6,,0
Function,"c.prototype.arrow",,1,,0
Function,"c.prototype.arrow",,1,,0
Function,"c.prototype.backdrop",,10,,2
Unnamed Function,"c.prototype.backdrop.(unnamed_function_33)",,2,,0
Function,"c.prototype.backdrop.f",,1,,0
Function,"c.prototype.checkPosition",,8,,2
Function,"c.prototype.checkPositionWithEventLoop",,1,,0
Function,"c.prototype.checkScrollbar",,1,,0
Function,"c.prototype.cycle",,1,,0
Function,"c.prototype.destroy",,1,,0
Function,"c.prototype.dimension",,2,,0
Function,"c.prototype.disable",,1,,0
Function,"c.prototype.enable",,1,,0
Function,"c.prototype.enforceFocus",,2,,0
Unnamed Function,"c.prototype.enforceFocus.(unnamed_function_30)",,1,,0
Function,"c.prototype.enter",,4,,0
Unnamed Function,"c.prototype.enter.(unnamed_function_40)",,1,,0
Function,"c.prototype.escape",,3,,0
Unnamed Function,"c.prototype.escape.(unnamed_function_31)",,1,,0
Function,"c.prototype.fixTitle",,1,,0
Function,"c.prototype.getCalculatedOffset",,4,,0
Function,"c.prototype.getContent",,2,,0
Function,"c.prototype.getDefaults",,1,,0
Function,"c.prototype.getDefaults",,1,,0
Function,"c.prototype.getDelegateOptions",,2,,0
Unnamed Function,"c.prototype.getDelegateOptions.(unnamed_function_39)",,1,,0
Function,"c.prototype.getItemIndex",,1,,0
Function,"c.prototype.getOptions",,1,,0
Function,"c.prototype.getPinnedOffset",,2,,1
Function,"c.prototype.getPosition",,6,,0
Function,"c.prototype.getTitle",,2,,0
Function,"c.prototype.getUID",,2,,1
Function,"c.prototype.getViewportAdjustedDelta",,5,,1
Function,"c.prototype.hasContent",,1,,0
Function,"c.prototype.hasContent",,1,,0
Function,"c.prototype.hide",,4,,0
Function,"c.prototype.hide",,2,,0
Function,"c.prototype.hide",,5,,2
Function,"c.prototype.hide.b",,1,,0
Function,"c.prototype.hide.d",,1,,0
Function,"c.prototype.hideModal",,2,,0
Unnamed Function,"c.prototype.hideModal.(unnamed_function_32)",,1,,0
Function,"c.prototype.init",,7,,3
Function,"c.prototype.keydown",,3,,1
Function,"c.prototype.leave",,4,,0
Unnamed Function,"c.prototype.leave.(unnamed_function_41)",,1,,0
Function,"c.prototype.measureScrollbar",,1,,0
Function,"c.prototype.next",,2,,0
Function,"c.prototype.pause",,1,,0
Function,"c.prototype.prev",,2,,0
Function,"c.prototype.removeBackdrop",,1,,0
Function,"c.prototype.replaceArrow",,2,,0
Function,"c.prototype.resetScrollbar",,1,,0
Function,"c.prototype.setContent",,4,,0
Function,"c.prototype.setContent",,2,,0
Function,"c.prototype.setScrollbar",,1,,0
Function,"c.prototype.setState",,5,,0
Unnamed Function,"c.prototype.setState.(unnamed_function_8)",,2,,0
Function,"c.prototype.show",,4,,2
Function,"c.prototype.show",,12,,2
Function,"c.prototype.show",,4,,0
Function,"c.prototype.show",,7,,4
Unnamed Function,"c.prototype.show.(unnamed_function_28)",,3,,0
Unnamed Function,"c.prototype.show.(unnamed_function_28).(unnamed_function_29)",,1,,0
Unnamed Function,"c.prototype.show.(unnamed_function_53)",,1,,0
Function,"c.prototype.show.g",,1,,0
Function,"c.prototype.show.q",,1,,0
Function,"c.prototype.slide",,11,,2
Unnamed Function,"c.prototype.slide.(unnamed_function_13)",,2,,0
Unnamed Function,"c.prototype.slide.(unnamed_function_13).(unnamed_function_14)",,1,,0
Function,"c.prototype.tip",,1,,0
Function,"c.prototype.tip",,1,,0
Function,"c.prototype.to",,6,,0
Unnamed Function,"c.prototype.to.(unnamed_function_12)",,1,,0
Function,"c.prototype.toggle",,3,,1
Function,"c.prototype.toggle",,2,,0
Function,"c.prototype.toggle",,2,,0
Function,"c.prototype.toggle",,2,,0
Function,"c.prototype.toggleEnabled",,1,,0
Function,"c.prototype.validate",,1,,0
Function,"d.prototype.close",,4,,0
Function,"d.prototype.close.c",,1,,0
File,"dispatcher-servlet.xml",0,0,0,0
Function,"g.prototype.keydown",,5,,3
Function,"g.prototype.toggle",,4,,3
File,"org.eclipse.wst.common.project.facet.core.xml",0,0,0,0
Package,"proj",0,0,0,0
Package,"proj.unipe",0,0,0,0
Package,"proj.unipe.autorizador",3,3,3,1
Public Class,"proj.unipe.autorizador.AutorizadorInterceptor",3,3,3,1
Public Method,"proj.unipe.autorizador.AutorizadorInterceptor.preHandle",,3,,1
Package,"proj.unipe.bd",0,0,0,0
Public Class,"proj.unipe.bd.JPAUtil",0,0,0,0
Package,"proj.unipe.controllers",1,118,3,2
Public Class,"proj.unipe.controllers.CardapioController",1,8,1,1
Public Method,"proj.unipe.controllers.CardapioController.filtrar",,1,,0
Public Method,"proj.unipe.controllers.CardapioController.insertForm",,1,,0
Public Method,"proj.unipe.controllers.CardapioController.list",,1,,0
Public Method,"proj.unipe.controllers.CardapioController.save",,1,,0
Public Method,"proj.unipe.controllers.CardapioController.selectDeCategoria",,2,,1
Public Method,"proj.unipe.controllers.CardapioController.selectDeStatus",,1,,0
Public Method,"proj.unipe.controllers.CardapioController.updateForm",,1,,0
Public Class,"proj.unipe.controllers.CategoriaController",1,7,3,2
Public Method,"proj.unipe.controllers.CategoriaController.filter",,3,,2
Public Method,"proj.unipe.controllers.CategoriaController.insertForm",,1,,0
Public Method,"proj.unipe.controllers.CategoriaController.list",,1,,0
Public Method,"proj.unipe.controllers.CategoriaController.selectDeStatus",,1,,0
Public Method,"proj.unipe.controllers.CategoriaController.updateForm",,1,,0
Public Class,"proj.unipe.controllers.ClienteController",1,12,3,2
Public Method,"proj.unipe.controllers.ClienteController.cadastro",,1,,0
Public Method,"proj.unipe.controllers.ClienteController.confirmarCadastro",,2,,1
Public Method,"proj.unipe.controllers.ClienteController.filter",,3,,2
Public Method,"proj.unipe.controllers.ClienteController.insertForm",,1,,0
Public Method,"proj.unipe.controllers.ClienteController.list",,1,,0
Public Method,"proj.unipe.controllers.ClienteController.save",,3,,2
Public Method,"proj.unipe.controllers.ClienteController.updateForm",,1,,0
Public Class,"proj.unipe.controllers.DeliveryController",1,13,1,1
Public Method,"proj.unipe.controllers.DeliveryController.adicionarItem",,2,,1
Private Method,"proj.unipe.controllers.DeliveryController.carrinho",,2,,1
Public Method,"proj.unipe.controllers.DeliveryController.detalharPedido",,1,,0
Public Method,"proj.unipe.controllers.DeliveryController.filtrar",,1,,0
Public Method,"proj.unipe.controllers.DeliveryController.finalizarPedido",,1,,0
Public Method,"proj.unipe.controllers.DeliveryController.list",,1,,0
Public Method,"proj.unipe.controllers.DeliveryController.novoDelivery",,1,,0
Public Method,"proj.unipe.controllers.DeliveryController.remove",,1,,0
Public Method,"proj.unipe.controllers.DeliveryController.selectCardapio",,2,,1
Public Method,"proj.unipe.controllers.DeliveryController.selectStatus",,1,,0
Public Class,"proj.unipe.controllers.DeliveryControllerProduct",1,7,1,0
Public Method,"proj.unipe.controllers.DeliveryControllerProduct.detalharPedido",,1,,0
Public Method,"proj.unipe.controllers.DeliveryControllerProduct.filtrar",,1,,0
Public Method,"proj.unipe.controllers.DeliveryControllerProduct.finalizarPedido",,1,,0
Public Method,"proj.unipe.controllers.DeliveryControllerProduct.list",,1,,0
Public Method,"proj.unipe.controllers.DeliveryControllerProduct.novoDelivery",,1,,0
Public Method,"proj.unipe.controllers.DeliveryControllerProduct.remove",,1,,0
Public Method,"proj.unipe.controllers.DeliveryControllerProduct.selectStatus",,1,,0
Public Class,"proj.unipe.controllers.DeliveryControllerProductProduct",1,8,1,1
Private Method,"proj.unipe.controllers.DeliveryControllerProductProduct.cliente",,2,,1
Method,"proj.unipe.controllers.DeliveryControllerProductProduct.delivery",,1,,0
Method,"proj.unipe.controllers.DeliveryControllerProductProduct.delivery1",,1,,0
Private Method,"proj.unipe.controllers.DeliveryControllerProductProduct.item",,1,,0
Public Method,"proj.unipe.controllers.DeliveryControllerProductProduct.novoDelivery",,1,,0
Public Method,"proj.unipe.controllers.DeliveryControllerProductProduct.remove",,1,,0
Public Method,"proj.unipe.controllers.DeliveryControllerProductProduct.selectStatus",,1,,0
Public Class,"proj.unipe.controllers.DeliveryControllerProductProduct2",1,11,1,2
Private Method,"proj.unipe.controllers.DeliveryControllerProductProduct2.cliente",,2,,1
Private Method,"proj.unipe.controllers.DeliveryControllerProductProduct2.delivery",,1,,0
Public Method,"proj.unipe.controllers.DeliveryControllerProductProduct2.filtrar",,2,,1
Public Method,"proj.unipe.controllers.DeliveryControllerProductProduct2.finalizarPedido",,3,,2
Public Method,"proj.unipe.controllers.DeliveryControllerProductProduct2.getDeliveryControllerProductProduct",,1,,0
Public Method,"proj.unipe.controllers.DeliveryControllerProductProduct2.getPedidoService",,1,,0
Public Method,"proj.unipe.controllers.DeliveryControllerProductProduct2.list",,1,,0
Public Class,"proj.unipe.controllers.FuncionarioController",1,9,3,2
Public Method,"proj.unipe.controllers.FuncionarioController.editar",,1,,0
Public Method,"proj.unipe.controllers.FuncionarioController.filtro",,3,,2
Public Method,"proj.unipe.controllers.FuncionarioController.list",,1,,0
Public Method,"proj.unipe.controllers.FuncionarioController.novo",,1,,0
Public Method,"proj.unipe.controllers.FuncionarioController.salvar",,3,,2
Public Class,"proj.unipe.controllers.LayoutController",1,2,1,0
Public Method,"proj.unipe.controllers.LayoutController.menu",,1,,0
Public Method,"proj.unipe.controllers.LayoutController.rodape",,1,,0
Public Interface,"proj.unipe.controllers.Logar",0,0,0,0
Abstract Method,"proj.unipe.controllers.Logar.entrar",,0,,0
Public Class,"proj.unipe.controllers.LoginController",1,3,1,0
Public Method,"proj.unipe.controllers.LoginController.entrar",,1,,0
Public Method,"proj.unipe.controllers.LoginController.loginPage",,1,,0
Public Method,"proj.unipe.controllers.LoginController.logout",,1,,0
Public Class,"proj.unipe.controllers.MesaController",1,10,1,2
Public Method,"proj.unipe.controllers.MesaController.filter",,2,,1
Public Method,"proj.unipe.controllers.MesaController.insertForm",,1,,0
Public Method,"proj.unipe.controllers.MesaController.list",,1,,0
Public Method,"proj.unipe.controllers.MesaController.save",,4,,2
Public Method,"proj.unipe.controllers.MesaController.selectDeReserva",,1,,0
Public Method,"proj.unipe.controllers.MesaController.updateForm",,1,,0
Public Interface,"proj.unipe.controllers.Pedido",0,0,0,0
Abstract Method,"proj.unipe.controllers.Pedido.detalharPedido",,0,,0
Abstract Method,"proj.unipe.controllers.Pedido.filtrar",,0,,0
Abstract Method,"proj.unipe.controllers.Pedido.finalizarPedido",,0,,0
Abstract Method,"proj.unipe.controllers.Pedido.list",,0,,0
Abstract Method,"proj.unipe.controllers.Pedido.selectStatus",,0,,0
Public Class,"proj.unipe.controllers.PedidoController",1,16,1,1
Public Method,"proj.unipe.controllers.PedidoController.adicionarItem",,2,,1
Private Method,"proj.unipe.controllers.PedidoController.carrinho",,2,,1
Public Method,"proj.unipe.controllers.PedidoController.detalharPedido",,1,,0
Public Method,"proj.unipe.controllers.PedidoController.filtrar",,1,,0
Public Method,"proj.unipe.controllers.PedidoController.finalizarPedido",,1,,0
Private Method,"proj.unipe.controllers.PedidoController.item",,1,,0
Public Method,"proj.unipe.controllers.PedidoController.list",,1,,0
Public Method,"proj.unipe.controllers.PedidoController.novoPedido",,1,,0
Public Method,"proj.unipe.controllers.PedidoController.remove",,1,,0
Public Method,"proj.unipe.controllers.PedidoController.selectCardapio",,2,,1
Public Method,"proj.unipe.controllers.PedidoController.selectMesas",,2,,1
Public Method,"proj.unipe.controllers.PedidoController.selectStatus",,1,,0
Public Class,"proj.unipe.controllers.PedidoControllerProduct",1,9,1,1
Public Method,"proj.unipe.controllers.PedidoControllerProduct.detalharPedido",,1,,0
Public Method,"proj.unipe.controllers.PedidoControllerProduct.filtrar",,2,,1
Public Method,"proj.unipe.controllers.PedidoControllerProduct.finalizarPedido",,1,,0
Public Method,"proj.unipe.controllers.PedidoControllerProduct.itemCardapio",,1,,0
Private Method,"proj.unipe.controllers.PedidoControllerProduct.itemcardapio",,2,,1
Public Method,"proj.unipe.controllers.PedidoControllerProduct.list",,1,,0
Public Method,"proj.unipe.controllers.PedidoControllerProduct.selectStatus",,1,,0
Public Class,"proj.unipe.controllers.ReservaControllerProduct",1,3,1,1
Public Method,"proj.unipe.controllers.ReservaControllerProduct.insertForm",,1,,0
Public Method,"proj.unipe.controllers.ReservaControllerProduct.selectMesas",,2,,1
Package,"proj.unipe.daos",1,37,1,0
Public Generic Class,"proj.unipe.daos.AbstractDAO",1,6,1,0
Public Constructor,"proj.unipe.daos.AbstractDAO.AbstractDAO",,1,,0
TypeVariable,"proj.unipe.daos.AbstractDAO.T",0,0,0,0
Public Method,"proj.unipe.daos.AbstractDAO.atualizar",,1,,0
Public Method,"proj.unipe.daos.AbstractDAO.buscarPorID",,1,,0
Public Method,"proj.unipe.daos.AbstractDAO.excluir",,1,,0
Public Method,"proj.unipe.daos.AbstractDAO.inserir",,1,,0
Public Method,"proj.unipe.daos.AbstractDAO.listar",,1,,0
Public Class,"proj.unipe.daos.CardapioDAO",1,3,1,0
Public Constructor,"proj.unipe.daos.CardapioDAO.CardapioDAO",,1,,0
Public Method,"proj.unipe.daos.CardapioDAO.buscarCardapioPorCategoria",,1,,0
Public Method,"proj.unipe.daos.CardapioDAO.buscarPorNome",,1,,0
Public Class,"proj.unipe.daos.CategoriaDAO",1,3,1,0
Public Constructor,"proj.unipe.daos.CategoriaDAO.CategoriaDAO",,1,,0
Public Method,"proj.unipe.daos.CategoriaDAO.buscaPorNome",,1,,0
Public Method,"proj.unipe.daos.CategoriaDAO.buscarCategoriasAtivas",,1,,0
Public Class,"proj.unipe.daos.ClienteDAO",1,2,1,0
Public Constructor,"proj.unipe.daos.ClienteDAO.ClienteDAO",,1,,0
Public Method,"proj.unipe.daos.ClienteDAO.buscarPorNome",,1,,0
Public Class,"proj.unipe.daos.DeliveryDAO",1,1,1,0
Public Constructor,"proj.unipe.daos.DeliveryDAO.DeliveryDAO",,1,,0
Public Class,"proj.unipe.daos.FuncionarioDAO",1,2,1,0
Public Constructor,"proj.unipe.daos.FuncionarioDAO.FuncionarioDAO",,1,,0
Public Method,"proj.unipe.daos.FuncionarioDAO.buscaPorNome",,1,,0
Public Class,"proj.unipe.daos.GerenteDAO",1,1,1,0
Public Constructor,"proj.unipe.daos.GerenteDAO.GerenteDAO",,1,,0
Public Class,"proj.unipe.daos.ItemCardapioDAO",1,2,1,0
Public Constructor,"proj.unipe.daos.ItemCardapioDAO.ItemCardapioDAO",,1,,0
Public Method,"proj.unipe.daos.ItemCardapioDAO.buscarItensPorIdDoPedido",,1,,0
Public Class,"proj.unipe.daos.MesaDAO",1,3,1,0
Public Constructor,"proj.unipe.daos.MesaDAO.MesaDAO",,1,,0
Public Method,"proj.unipe.daos.MesaDAO.buscaPorMesaDeReserva",,1,,0
Public Method,"proj.unipe.daos.MesaDAO.buscaPorNumMesa",,1,,0
Public Class,"proj.unipe.daos.PedidoDAO",1,5,1,0
Public Constructor,"proj.unipe.daos.PedidoDAO.PedidoDAO",,1,,0
Public Method,"proj.unipe.daos.PedidoDAO.buscaPorNumeroPedido",,1,,0
Public Method,"proj.unipe.daos.PedidoDAO.buscarPedido",,1,,0
Public Method,"proj.unipe.daos.PedidoDAO.listarDelivery",,1,,0
Public Method,"proj.unipe.daos.PedidoDAO.listarTradicional",,1,,0
Public Class,"proj.unipe.daos.ReservaDAO",1,6,1,0
Public Constructor,"proj.unipe.daos.ReservaDAO.ReservaDAO",,1,,0
Public Method,"proj.unipe.daos.ReservaDAO.buscaPorMesaDeReserva",,1,,0
Public Method,"proj.unipe.daos.ReservaDAO.buscaPorNumMesa",,1,,0
Public Method,"proj.unipe.daos.ReservaDAO.buscarPorNomeResponsavel",,1,,0
Public Method,"proj.unipe.daos.ReservaDAO.buscarReserva",,1,,0
Public Method,"proj.unipe.daos.ReservaDAO.buscarReservaPorMesa",,1,,0
Public Class,"proj.unipe.daos.TradicionalDAO",1,1,1,0
Public Constructor,"proj.unipe.daos.TradicionalDAO.TradicionalDAO",,1,,0
Public Class,"proj.unipe.daos.UsuarioDAO",1,2,1,0
Public Constructor,"proj.unipe.daos.UsuarioDAO.UsuarioDAO",,1,,0
Public Method,"proj.unipe.daos.UsuarioDAO.validaLogin",,1,,0
Package,"proj.unipe.entities",1,141,1,3
Public Abstract Class,"proj.unipe.entities.AbstractEntity",2,2,1,1
Public Method,"proj.unipe.entities.AbstractEntity.equals",,2,,1
Public Abstract Method,"proj.unipe.entities.AbstractEntity.getId",,0,,0
Public Abstract Method,"proj.unipe.entities.AbstractEntity.setId",,0,,0
Public Class,"proj.unipe.entities.Cardapio",1,17,1,3
Public Method,"proj.unipe.entities.Cardapio.getCategoria",,1,,0
Public Method,"proj.unipe.entities.Cardapio.getId",,1,,0
Public Method,"proj.unipe.entities.Cardapio.getItemCardapio",,1,,0
Public Method,"proj.unipe.entities.Cardapio.getNome",,1,,0
Public Method,"proj.unipe.entities.Cardapio.getPreco",,1,,0
Public Method,"proj.unipe.entities.Cardapio.getStatus",,1,,0
Public Method,"proj.unipe.entities.Cardapio.save",,5,,3
Public Method,"proj.unipe.entities.Cardapio.setCategoria",,1,,0
Public Method,"proj.unipe.entities.Cardapio.setId",,1,,0
Public Method,"proj.unipe.entities.Cardapio.setItemCardapio",,1,,0
Public Method,"proj.unipe.entities.Cardapio.setNome",,1,,0
Public Method,"proj.unipe.entities.Cardapio.setPreco",,1,,0
Public Method,"proj.unipe.entities.Cardapio.setStatus",,1,,0
Public Class,"proj.unipe.entities.Categoria",1,8,1,0
Public Method,"proj.unipe.entities.Categoria.getCardapio",,1,,0
Public Method,"proj.unipe.entities.Categoria.getId",,1,,0
Public Method,"proj.unipe.entities.Categoria.getNome",,1,,0
Public Method,"proj.unipe.entities.Categoria.getStatus",,1,,0
Public Method,"proj.unipe.entities.Categoria.setCardapio",,1,,0
Public Method,"proj.unipe.entities.Categoria.setId",,1,,0
Public Method,"proj.unipe.entities.Categoria.setNome",,1,,0
Public Method,"proj.unipe.entities.Categoria.setStatus",,1,,0
Public Class,"proj.unipe.entities.Cliente",1,4,1,0
Public Method,"proj.unipe.entities.Cliente.getDelivery",,1,,0
Public Method,"proj.unipe.entities.Cliente.getEndereco",,1,,0
Public Method,"proj.unipe.entities.Cliente.setDelivery",,1,,0
Public Method,"proj.unipe.entities.Cliente.setEndereco",,1,,0
Public Class,"proj.unipe.entities.Delivery",1,4,1,0
Public Method,"proj.unipe.entities.Delivery.getCliente",,1,,0
Public Method,"proj.unipe.entities.Delivery.getTrocoPara",,1,,0
Public Method,"proj.unipe.entities.Delivery.setCliente",,1,,0
Public Method,"proj.unipe.entities.Delivery.setTrocoPara",,1,,0
Public Class,"proj.unipe.entities.Endereco",1,10,1,0
Public Method,"proj.unipe.entities.Endereco.getBairro",,1,,0
Public Method,"proj.unipe.entities.Endereco.getCep",,1,,0
Public Method,"proj.unipe.entities.Endereco.getComplemento",,1,,0
Public Method,"proj.unipe.entities.Endereco.getNumero",,1,,0
Public Method,"proj.unipe.entities.Endereco.getRua",,1,,0
Public Method,"proj.unipe.entities.Endereco.setBairro",,1,,0
Public Method,"proj.unipe.entities.Endereco.setCep",,1,,0
Public Method,"proj.unipe.entities.Endereco.setComplemento",,1,,0
Public Method,"proj.unipe.entities.Endereco.setNumero",,1,,0
Public Method,"proj.unipe.entities.Endereco.setRua",,1,,0
Public Class,"proj.unipe.entities.Funcionario",1,12,1,1
Public Method,"proj.unipe.entities.Funcionario.getCargo",,1,,0
Public Method,"proj.unipe.entities.Funcionario.getCpf",,1,,0
Public Method,"proj.unipe.entities.Funcionario.getPedidos",,1,,0
Public Method,"proj.unipe.entities.Funcionario.getReserva",,1,,0
Public Method,"proj.unipe.entities.Funcionario.getSalario",,1,,0
Public Method,"proj.unipe.entities.Funcionario.getTotal",,2,,1
Public Method,"proj.unipe.entities.Funcionario.setCargo",,1,,0
Public Method,"proj.unipe.entities.Funcionario.setCpf",,1,,0
Public Method,"proj.unipe.entities.Funcionario.setPedidos",,1,,0
Public Method,"proj.unipe.entities.Funcionario.setReserva",,1,,0
Public Method,"proj.unipe.entities.Funcionario.setSalario",,1,,0
Public Class,"proj.unipe.entities.Gerente",0,0,0,0
Public Class,"proj.unipe.entities.ItemCardapio",1,17,1,1
Public Method,"proj.unipe.entities.ItemCardapio.getCardapio",,1,,0
Public Method,"proj.unipe.entities.ItemCardapio.getDelivery",,2,,1
Public Method,"proj.unipe.entities.ItemCardapio.getId",,1,,0
Public Method,"proj.unipe.entities.ItemCardapio.getPedido",,1,,0
Public Method,"proj.unipe.entities.ItemCardapio.getPreco",,1,,0
Public Method,"proj.unipe.entities.ItemCardapio.getQuantidade",,1,,0
Public Method,"proj.unipe.entities.ItemCardapio.getTradicional",,2,,1
Public Method,"proj.unipe.entities.ItemCardapio.itemCardapio",,1,,0
Public Method,"proj.unipe.entities.ItemCardapio.setCardapio",,1,,0
Public Method,"proj.unipe.entities.ItemCardapio.setDelivery",,1,,0
Public Method,"proj.unipe.entities.ItemCardapio.setId",,1,,0
Public Method,"proj.unipe.entities.ItemCardapio.setPedido",,1,,0
Public Method,"proj.unipe.entities.ItemCardapio.setPreco",,1,,0
Public Method,"proj.unipe.entities.ItemCardapio.setQuantidade",,1,,0
Public Method,"proj.unipe.entities.ItemCardapio.setTradicional",,1,,0
Public Class,"proj.unipe.entities.Mesa",1,12,1,0
Public Method,"proj.unipe.entities.Mesa.getCapacidade",,1,,0
Public Method,"proj.unipe.entities.Mesa.getDeReserva",,1,,0
Public Method,"proj.unipe.entities.Mesa.getId",,1,,0
Public Method,"proj.unipe.entities.Mesa.getNumero",,1,,0
Public Method,"proj.unipe.entities.Mesa.getReservas",,1,,0
Public Method,"proj.unipe.entities.Mesa.getTradicional",,1,,0
Public Method,"proj.unipe.entities.Mesa.setCapacidade",,1,,0
Public Method,"proj.unipe.entities.Mesa.setDeReserva",,1,,0
Public Method,"proj.unipe.entities.Mesa.setId",,1,,0
Public Method,"proj.unipe.entities.Mesa.setNumero",,1,,0
Public Method,"proj.unipe.entities.Mesa.setReservas",,1,,0
Public Method,"proj.unipe.entities.Mesa.setTradicional",,1,,0
Public Class,"proj.unipe.entities.Pedido",1,14,1,1
Public Method,"proj.unipe.entities.Pedido.buscarPedido",,3,,1
Public Method,"proj.unipe.entities.Pedido.getData",,1,,0
Public Method,"proj.unipe.entities.Pedido.getFuncionario",,1,,0
Public Method,"proj.unipe.entities.Pedido.getId",,1,,0
Public Method,"proj.unipe.entities.Pedido.getItemCardapio",,1,,0
Public Method,"proj.unipe.entities.Pedido.getStatus",,1,,0
Public Method,"proj.unipe.entities.Pedido.getTotal",,1,,0
Public Method,"proj.unipe.entities.Pedido.setData",,1,,0
Public Method,"proj.unipe.entities.Pedido.setFuncionario",,1,,0
Public Method,"proj.unipe.entities.Pedido.setId",,1,,0
Public Method,"proj.unipe.entities.Pedido.setItemCardapio",,1,,0
Public Method,"proj.unipe.entities.Pedido.setStatus",,1,,0
Public Class,"proj.unipe.entities.Reserva",1,23,1,2
Public Method,"proj.unipe.entities.Reserva.buscarReserva",,5,,1
Public Method,"proj.unipe.entities.Reserva.filter",,4,,2
Public Method,"proj.unipe.entities.Reserva.getDataFinal",,1,,0
Public Method,"proj.unipe.entities.Reserva.getDataInicial",,1,,0
Public Method,"proj.unipe.entities.Reserva.getFuncionario",,1,,0
Public Method,"proj.unipe.entities.Reserva.getId",,1,,0
Public Method,"proj.unipe.entities.Reserva.getMesa",,1,,0
Public Method,"proj.unipe.entities.Reserva.getNome_responsavel",,1,,0
Public Method,"proj.unipe.entities.Reserva.getNum_Pessoas",,1,,0
Public Method,"proj.unipe.entities.Reserva.setDataFinal",,1,,0
Public Method,"proj.unipe.entities.Reserva.setDataInicial",,1,,0
Public Method,"proj.unipe.entities.Reserva.setFuncionario",,1,,0
Public Method,"proj.unipe.entities.Reserva.setId",,1,,0
Public Method,"proj.unipe.entities.Reserva.setMesa",,1,,0
Public Method,"proj.unipe.entities.Reserva.setNome_responsavel",,1,,0
Public Method,"proj.unipe.entities.Reserva.setNum_Pessoas",,1,,0
Public Class,"proj.unipe.entities.Tradicional",1,2,1,0
Public Method,"proj.unipe.entities.Tradicional.getMesa",,1,,0
Public Method,"proj.unipe.entities.Tradicional.setMesa",,1,,0
Public Class,"proj.unipe.entities.Usuario",1,16,1,1
Public Method,"proj.unipe.entities.Usuario.entrar",,2,,1
Public Method,"proj.unipe.entities.Usuario.getEmail",,1,,0
Public Method,"proj.unipe.entities.Usuario.getId",,1,,0
Public Method,"proj.unipe.entities.Usuario.getLogin",,1,,0
Public Method,"proj.unipe.entities.Usuario.getNome",,1,,0
Public Method,"proj.unipe.entities.Usuario.getSenha",,1,,0
Public Method,"proj.unipe.entities.Usuario.getTelefone",,1,,0
Public Method,"proj.unipe.entities.Usuario.setEmail",,1,,0
Public Method,"proj.unipe.entities.Usuario.setId",,1,,0
Public Method,"proj.unipe.entities.Usuario.setLogin",,1,,0
Public Method,"proj.unipe.entities.Usuario.setNome",,1,,0
Public Method,"proj.unipe.entities.Usuario.setSenha",,1,,0
Public Method,"proj.unipe.entities.Usuario.setTelefone",,1,,0
Public Method,"proj.unipe.entities.Usuario.validaLogin",,2,,1
Package,"proj.unipe.services",1,122,1,2
Public Class,"proj.unipe.services.CardapioControllerProduct",1,6,1,0
Public Method,"proj.unipe.services.CardapioControllerProduct.filtrar",,1,,0
Public Method,"proj.unipe.services.CardapioControllerProduct.insertForm",,1,,0
Public Method,"proj.unipe.services.CardapioControllerProduct.list",,1,,0
Public Method,"proj.unipe.services.CardapioControllerProduct.save",,1,,0
Public Method,"proj.unipe.services.CardapioControllerProduct.selectDeStatus",,1,,0
Public Method,"proj.unipe.services.CardapioControllerProduct.updateForm",,1,,0
Public Class,"proj.unipe.services.CardapioService",1,18,1,2
Public Method,"proj.unipe.services.CardapioService.ativar",,2,,1
Public Method,"proj.unipe.services.CardapioService.atualizar",,1,,0
Public Method,"proj.unipe.services.CardapioService.buscaPorNome",,1,,0
Public Method,"proj.unipe.services.CardapioService.buscarCardapioPorCategoria",,1,,0
Public Method,"proj.unipe.services.CardapioService.buscarPorId",,1,,0
Public Method,"proj.unipe.services.CardapioService.desativar",,2,,1
Public Method,"proj.unipe.services.CardapioService.excluir",,1,,0
Public Method,"proj.unipe.services.CardapioService.filtrar",,4,,2
Public Method,"proj.unipe.services.CardapioService.inserir",,1,,0
Public Method,"proj.unipe.services.CardapioService.listar",,1,,0
Public Method,"proj.unipe.services.CardapioService.remove",,3,,2
Public Class,"proj.unipe.services.CategoriaService",1,14,1,2
Public Method,"proj.unipe.services.CategoriaService.ativar",,2,,1
Public Method,"proj.unipe.services.CategoriaService.atualizar",,1,,0
Public Method,"proj.unipe.services.CategoriaService.buscaPorNome",,1,,0
Public Method,"proj.unipe.services.CategoriaService.buscarCategoriasAtivas",,1,,0
Public Method,"proj.unipe.services.CategoriaService.buscarPorId",,1,,0
Public Method,"proj.unipe.services.CategoriaService.desativar",,2,,1
Public Method,"proj.unipe.services.CategoriaService.excluir",,1,,0
Public Method,"proj.unipe.services.CategoriaService.inserir",,1,,0
Public Method,"proj.unipe.services.CategoriaService.listar",,1,,0
Public Method,"proj.unipe.services.CategoriaService.remove",,3,,2
Public Class,"proj.unipe.services.ClienteService",1,9,1,2
Public Method,"proj.unipe.services.ClienteService.atualizar",,1,,0
Public Method,"proj.unipe.services.ClienteService.buscarPorId",,1,,0
Public Method,"proj.unipe.services.ClienteService.buscarPorNome",,1,,0
Public Method,"proj.unipe.services.ClienteService.excluir",,1,,0
Public Method,"proj.unipe.services.ClienteService.inserir",,1,,0
Public Method,"proj.unipe.services.ClienteService.listar",,1,,0
Public Method,"proj.unipe.services.ClienteService.remove",,3,,2
Public Class,"proj.unipe.services.DeliveryService",1,5,1,0
Public Method,"proj.unipe.services.DeliveryService.atualizar",,1,,0
Public Method,"proj.unipe.services.DeliveryService.buscarPorId",,1,,0
Public Method,"proj.unipe.services.DeliveryService.excluir",,1,,0
Public Method,"proj.unipe.services.DeliveryService.inserir",,1,,0
Public Method,"proj.unipe.services.DeliveryService.listar",,1,,0
Public Class,"proj.unipe.services.FuncionarioService",1,9,1,2
Public Method,"proj.unipe.services.FuncionarioService.atualizar",,1,,0
Public Method,"proj.unipe.services.FuncionarioService.buscaPorNome",,1,,0
Public Method,"proj.unipe.services.FuncionarioService.buscarPorId",,1,,0
Public Method,"proj.unipe.services.FuncionarioService.excluir",,1,,0
Public Method,"proj.unipe.services.FuncionarioService.inserir",,1,,0
Public Method,"proj.unipe.services.FuncionarioService.listar",,1,,0
Public Method,"proj.unipe.services.FuncionarioService.remover",,3,,2
Public Class,"proj.unipe.services.GerenteService",1,5,1,0
Public Method,"proj.unipe.services.GerenteService.atualizar",,1,,0
Public Method,"proj.unipe.services.GerenteService.buscarPorId",,1,,0
Public Method,"proj.unipe.services.GerenteService.excluir",,1,,0
Public Method,"proj.unipe.services.GerenteService.inserir",,1,,0
Public Method,"proj.unipe.services.GerenteService.listar",,1,,0
Public Class,"proj.unipe.services.ItemCardapioService",1,6,1,0
Public Method,"proj.unipe.services.ItemCardapioService.atualizar",,1,,0
Public Method,"proj.unipe.services.ItemCardapioService.buscarItensPorIdDoPedido",,1,,0
Public Method,"proj.unipe.services.ItemCardapioService.buscarPorId",,1,,0
Public Method,"proj.unipe.services.ItemCardapioService.excluir",,1,,0
Public Method,"proj.unipe.services.ItemCardapioService.inserir",,1,,0
Public Method,"proj.unipe.services.ItemCardapioService.listar",,1,,0
Public Class,"proj.unipe.services.MesaService",1,10,1,2
Public Method,"proj.unipe.services.MesaService.atualizar",,1,,0
Public Method,"proj.unipe.services.MesaService.buscaPorMesaDeReserva",,1,,0
Public Method,"proj.unipe.services.MesaService.buscaPorNumMesa",,1,,0
Public Method,"proj.unipe.services.MesaService.buscarPorId",,1,,0
Public Method,"proj.unipe.services.MesaService.excluir",,1,,0
Public Method,"proj.unipe.services.MesaService.inserir",,1,,0
Public Method,"proj.unipe.services.MesaService.listar",,1,,0
Public Method,"proj.unipe.services.MesaService.remove",,3,,2
Public Class,"proj.unipe.services.PedidoService",1,9,1,0
Public Method,"proj.unipe.services.PedidoService.atualizar",,1,,0
Public Method,"proj.unipe.services.PedidoService.buscaPorNumeroPedido",,1,,0
Public Method,"proj.unipe.services.PedidoService.buscarPedido",,1,,0
Public Method,"proj.unipe.services.PedidoService.buscarPorID",,1,,0
Public Method,"proj.unipe.services.PedidoService.excluir",,1,,0
Public Method,"proj.unipe.services.PedidoService.inserir",,1,,0
Public Method,"proj.unipe.services.PedidoService.listar",,1,,0
Public Method,"proj.unipe.services.PedidoService.listarDelivery",,1,,0
Public Method,"proj.unipe.services.PedidoService.listarTradicional",,1,,0
Public Class,"proj.unipe.services.ReservaController",1,9,1,2
Public Method,"proj.unipe.services.ReservaController.filter",,1,,0
Public Method,"proj.unipe.services.ReservaController.insertForm",,1,,0
Public Method,"proj.unipe.services.ReservaController.list",,1,,0
Public Method,"proj.unipe.services.ReservaController.save",,4,,2
Public Method,"proj.unipe.services.ReservaController.selectMesas",,1,,0
Public Method,"proj.unipe.services.ReservaController.updateForm",,1,,0
Public Class,"proj.unipe.services.ReservaService",1,11,1,2
Public Method,"proj.unipe.services.ReservaService.atualizar",,1,,0
Public Method,"proj.unipe.services.ReservaService.buscarPorId",,1,,0
Public Method,"proj.unipe.services.ReservaService.buscarPorMesa",,1,,0
Public Method,"proj.unipe.services.ReservaService.buscarPorNomeResponsavel",,1,,0
Public Method,"proj.unipe.services.ReservaService.buscarReserva",,1,,0
Public Method,"proj.unipe.services.ReservaService.excluir",,1,,0
Public Method,"proj.unipe.services.ReservaService.inserir",,1,,0
Public Method,"proj.unipe.services.ReservaService.listar",,1,,0
Public Method,"proj.unipe.services.ReservaService.remove",,3,,2
Public Class,"proj.unipe.services.TradicionalService",1,5,1,0
Public Method,"proj.unipe.services.TradicionalService.atualizar",,1,,0
Public Method,"proj.unipe.services.TradicionalService.buscarPorId",,1,,0
Public Method,"proj.unipe.services.TradicionalService.excluir",,1,,0
Public Method,"proj.unipe.services.TradicionalService.inserir",,1,,0
Public Method,"proj.unipe.services.TradicionalService.listar",,1,,0
Public Class,"proj.unipe.services.UsuarioService",1,6,1,0
Public Method,"proj.unipe.services.UsuarioService.atualizar",,1,,0
Public Method,"proj.unipe.services.UsuarioService.buscarPorID",,1,,0
Public Method,"proj.unipe.services.UsuarioService.excluir",,1,,0
Public Method,"proj.unipe.services.UsuarioService.inserir",,1,,0
Public Method,"proj.unipe.services.UsuarioService.listar",,1,,0
Public Method,"proj.unipe.services.UsuarioService.validaLogin",,1,,0
Public Function,"using",,1,,0
Public Function,"using",,1,,0
File,"web.xml",0,0,0,0
