Kind,Name,MaxInheritanceTree,CountClassDerived,CountClassBase
Class Function,"(unnamed_function_10).Carousel",0,0,0
Class Function,"(unnamed_function_10).c",0,0,0
Class Function,"(unnamed_function_18).Collapse",0,0,0
Class Function,"(unnamed_function_18).c",0,0,0
Class Function,"(unnamed_function_21).Dropdown",0,0,0
Class Function,"(unnamed_function_21).g",0,0,0
Class Function,"(unnamed_function_25).Modal",0,0,0
Class Function,"(unnamed_function_25).c",0,0,0
Class Function,"(unnamed_function_37).Tooltip",0,0,0
Class Function,"(unnamed_function_37).c",0,0,0
Class Function,"(unnamed_function_4).Alert",0,0,0
Class Function,"(unnamed_function_4).d",0,0,0
Class Function,"(unnamed_function_42).Popover",1,0,1
Class Function,"(unnamed_function_42).c",1,0,1
Class Function,"(unnamed_function_44).ScrollSpy",0,0,0
Class Function,"(unnamed_function_44).b",0,0,0
Class Function,"(unnamed_function_51).Tab",0,0,0
Class Function,"(unnamed_function_51).c",0,0,0
Class Function,"(unnamed_function_55).Affix",0,0,0
Class Function,"(unnamed_function_55).c",0,0,0
Class Function,"(unnamed_function_6).Button",0,0,0
Class Function,"(unnamed_function_6).c",0,0,0
Public Class,"proj.unipe.autorizador.AutorizadorInterceptor",2,0,1
Public Class,"proj.unipe.bd.JPAUtil",1,0,1
Public Class,"proj.unipe.controllers.CardapioController",1,0,1
Public Class,"proj.unipe.controllers.CategoriaController",1,0,1
Public Class,"proj.unipe.controllers.ClienteController",1,0,1
Public Class,"proj.unipe.controllers.DeliveryController",1,0,1
Public Class,"proj.unipe.controllers.DeliveryControllerProduct",1,0,1
Public Class,"proj.unipe.controllers.DeliveryControllerProductProduct",1,0,1
Public Class,"proj.unipe.controllers.DeliveryControllerProductProduct2",1,0,1
Public Class,"proj.unipe.controllers.FuncionarioController",1,0,1
Public Class,"proj.unipe.controllers.LayoutController",1,0,1
Public Interface,"proj.unipe.controllers.Logar",0,1,0
Public Class,"proj.unipe.controllers.LoginController",1,0,2
Public Class,"proj.unipe.controllers.MesaController",1,0,1
Public Interface,"proj.unipe.controllers.Pedido",0,0,0
Public Class,"proj.unipe.controllers.PedidoController",1,0,1
Public Class,"proj.unipe.controllers.PedidoControllerProduct",1,0,1
Public Class,"proj.unipe.controllers.ReservaControllerProduct",1,0,1
Public Generic Class,"proj.unipe.daos.AbstractDAO",1,12,1
TypeVariable,"proj.unipe.daos.AbstractDAO.T",2,0,1
Public Class,"proj.unipe.daos.CardapioDAO",2,0,1
Public Class,"proj.unipe.daos.CategoriaDAO",2,0,1
Public Class,"proj.unipe.daos.ClienteDAO",2,0,1
Public Class,"proj.unipe.daos.DeliveryDAO",2,0,1
Public Class,"proj.unipe.daos.FuncionarioDAO",2,0,1
Public Class,"proj.unipe.daos.GerenteDAO",2,0,1
Public Class,"proj.unipe.daos.ItemCardapioDAO",2,0,1
Public Class,"proj.unipe.daos.MesaDAO",2,0,1
Public Class,"proj.unipe.daos.PedidoDAO",2,0,1
Public Class,"proj.unipe.daos.ReservaDAO",2,0,1
Public Class,"proj.unipe.daos.TradicionalDAO",2,0,1
Public Class,"proj.unipe.daos.UsuarioDAO",2,0,1
Public Abstract Class,"proj.unipe.entities.AbstractEntity",1,8,1
Public Class,"proj.unipe.entities.Cardapio",2,0,1
Public Class,"proj.unipe.entities.Categoria",2,0,1
Public Class,"proj.unipe.entities.Cliente",3,0,1
Public Class,"proj.unipe.entities.Delivery",3,0,1
Public Class,"proj.unipe.entities.Endereco",1,0,1
Public Class,"proj.unipe.entities.Funcionario",3,0,1
Public Class,"proj.unipe.entities.Gerente",3,0,1
Public Class,"proj.unipe.entities.ItemCardapio",2,0,1
Public Class,"proj.unipe.entities.Mesa",2,0,1
Public Class,"proj.unipe.entities.Pedido",2,2,1
Public Class,"proj.unipe.entities.Reserva",2,0,1
Public Class,"proj.unipe.entities.Tradicional",3,0,1
Public Class,"proj.unipe.entities.Usuario",2,3,1
Public Class,"proj.unipe.services.CardapioControllerProduct",1,0,1
Public Class,"proj.unipe.services.CardapioService",1,0,1
Public Class,"proj.unipe.services.CategoriaService",1,0,1
Public Class,"proj.unipe.services.ClienteService",1,0,1
Public Class,"proj.unipe.services.DeliveryService",1,0,1
Public Class,"proj.unipe.services.FuncionarioService",1,0,1
Public Class,"proj.unipe.services.GerenteService",1,0,1
Public Class,"proj.unipe.services.ItemCardapioService",1,0,1
Public Class,"proj.unipe.services.MesaService",1,0,1
Public Class,"proj.unipe.services.PedidoService",1,0,1
Public Class,"proj.unipe.services.ReservaController",1,0,1
Public Class,"proj.unipe.services.ReservaService",1,0,1
Public Class,"proj.unipe.services.TradicionalService",1,0,1
Public Class,"proj.unipe.services.UsuarioService",1,0,1
